PlanetIdentifier,PlanetaryMassJpt,RadiusJpt,SurfaceTempK
HD 100546 b,17.5,6,1028
CT Cha B,,2.4,2500
KOI-368.01,,2.1,3060
HAT-P-67 b,0.34,2.085,
XO-6 b,1.9,2.07,
HAT-P-32 b,0.941,2.037,1677.4
WASP-17 b,0.486,1.991,1517.8
Kepler-435 b,0.84,1.99,
KOI-680 b,0.84,1.99,1729
WASP-122 b,1.372,1.972,1960
KOI-3681.01,4.2,1.97,
CVSO 30 b,6.2,1.91,
PTFO 8-8695 b,,1.91,
HAT-P-65 b,0.527,1.89,
HATS-23 b,1.47,1.86,
KELT-8 b,0.867,1.86,1675
TrES-4 A b,0.494,1.838,1795
WASP-76 b,0.92,1.83,2160
HAT-P-33 b,0.763,1.827,1675.2
WASP-121 b,1.183,1.807,2358
GQ Lup b,21.5,1.8,
KELT-12 b,0.95,1.79,
Kepler-12 b,0.43,1.75,1354.2
WASP-78 b,1.16,1.75,2006.7
HATS-26 b,0.65,1.75,
WASP-12 b,1.404,1.736,2319.7
HAT-P-40 b,0.615,1.73,1614.8
OGLE-TR-10 b,0.68,1.72,1702
WASP-94 A b,0.452,1.72,
1RXS1609 b,,1.7,2000
WASP-88 b,0.56,1.7,1772
WASP-79 b,0.9,1.7,1958.7
KELT-4A b,0.902,1.699,
HATS-3 b,1.138,1.697,1816
WASP-100 b,2.03,1.69,2190
HAT-P-41 b,0.8,1.685,1689.7
WASP-82 b,1.24,1.67,2190
WASP-48 b,0.98,1.67,2030
HATS-19 b,0.427,1.66,
WASP-54 b,0.636,1.653,1759
beta Pic b,11,1.65,1600
Kepler-447 b,1.37,1.65,
HATS-31 b,0.88,1.64,
CVSO 30 c,4.7,1.63,1600
WASP-90 b,0.63,1.63,1840
Kepler-7 b,0.44,1.62,1486.8
XO-4 b,1.615,1.615,
OGLE2-TR-L9 b,4.34,1.614,2154.6
WASP-103 b,1.47,1.603,2508
Kepler-469 b,,1.597,
WASP-93 b,1.47,1.597,
HAT-P-66 b,0.783,1.59,
HAT-P-39 b,0.599,1.571,1601.9
KELT-18 b,1.18,1.57,
WASP-74 b,0.95,1.56,1910
Qatar-4 b,5.85,1.552,
AB Pic b,12,1.55,1750
WASP-31 b,0.478,1.537,1410.6
KELT-7 b,1.28,1.533,2048
PSO J318.5-22,6.5,1.53,1160
WASP-142 b,0.84,1.53,
KELT-17 b,1.31,1.525,2087
Kepler-840 b,,1.523,
WASP-120 b,5.01,1.515,1890
HATS-11 b,0.85,1.51,
Kepler-13 A b,9.28,1.51,2750
HATS-27 b,0.53,1.5,
Kepler-854 b,,1.492,
WTS-1 b,4.01,1.49,1362.3
CoRoT-1 b,1.03,1.49,1898
HATS-24 b,2.44,1.487,
WASP-1 b,0.854,1.483,1644.3
Kepler-718 b,,1.477,
EPIC 201565013 b,,1.472,536
OGLE-TR-182 b,1.06,1.47,1235
HAT-P-56 b,2.18,1.466,1840
CoRoT-2 b,3.31,1.465,1392.7
HATS-35 b,1.222,1.464,
wasp-92 b,0.805,1.461,
WASP-71 b,2.242,1.46,1888.1
HAT-P-7 b,1.709,1.4588,2733
WASP-20 b,0.313,1.458,1379
WASP-3 b,2.06,1.454,1825.6
KOI-206 b,2.82,1.45,1776
Kepler-433 b,2.82,1.45,
CoRoT-19 b,1.11,1.45,1515.3
WASP-109 b,0.91,1.443,1695
KELT-15 b,0.91,1.443,1642
WASP-111 b,1.83,1.442,2140
WASP-140 b,2.44,1.44,
2MASS J0219-3925 B,13.9,1.44,1683
WASP-118 b,0.514,1.44,
KOI-12 b,,1.44,
CoRoT-12 b,0.917,1.44,1318.7
EPIC 216468514 b,0.84,1.44,
WASP-33 b,4.59,1.438,2451.5
Kepler-5 b,2.114,1.431,1652.1
HATS-34 b,0.941,1.43,
WASP-63 b,0.38,1.43,1540
WASP-81 b,0.729,1.429,
WASP-15 b,0.542,1.428,1511.3
HAT-P-45 b,0.892,1.426,1652
Kepler-8 b,0.59,1.42,1519.5
KELT-16 b,2.75,1.415,
HAT-P-49 b,1.73,1.413,2131
HAT-P-57 b,,1.413,
WASP-101 b,0.5,1.41,1560
Kepler-488 b,,1.409,
WASP-113 b,0.475,1.409,
WASP-13 b,0.5,1.407,1203.3
Kepler-91 b,0.66,1.4,
HAT-P-9 b,0.67,1.4,1397.3
WASP-119 b,1.23,1.4,1600
WASP-67 b,0.42,1.4,940.6
KELT-10 b,0.679,1.399,1377
WASP-62 b,0.57,1.39,1305.2
WASP-66 b,2.32,1.39,1647.5
CoRoT-11 b,2.49,1.39,1593.4
CoRoT-5 b,0.467,1.388,1316.3
WASP-19 b,1.168,1.386,1911.5
WASP-87 b,2.18,1.385,2322
HD 209458 b,0.714,1.38,1316.1
WASP-136 b,1.51,1.38,
WASP-127 b,0.18,1.37,
KELT-11 b,0.195,1.37,
WASP-58 b,0.89,1.37,1270
HAT-P-23 b,2.09,1.368,1873.6
WTS-2 b,1.12,1.363,2000
WASP-4 b,1.1215,1.363,1710.4
Kepler-76 b,2.01,1.36,
KELT-3 b,1.462,1.358,1667.7
K2-34 b,1.78,1.35,
Kepler-493 b,,1.35,
HATS-12 b,2.4,1.35,
HAT-P-30 b,0.711,1.34,1552.5
WASP-114 b,1.769,1.339,
HATS-18 b,1.98,1.337,
Kepler-471 b,,1.335,
HAT-P-35 b,1.054,1.332,1442.8
HAT-P-6 b,1.057,1.33,1529.9
WASP-7 b,0.96,1.33,1359.5
Kepler-17 b,2.47,1.33,1622.7
WASP-123 b,0.92,1.327,1510
Kepler-412 b,0.939,1.325,
HAT-P-8 b,1.275,1.321,1713
WASP-35 b,0.72,1.32,1450
HAT-P-53 b,1.484,1.318,1778
HAT-47 b,0.206,1.313,
WASP-46 b,2.101,1.31,1516.6
CoRoT-18 b,3.47,1.31,1396
K2-97 b,1.1,1.31,
TrES-3 b,1.91,1.305,
HATS-1 b,1.855,1.302,1250.3
CoRoT-21 b,2.26,1.3,1867
WASP-135 b,1.9,1.3,
HATS-16 b,3.27,1.3,
2M 2206-20 b,30,1.3,2350
Kepler-6 b,0.67,1.3,1374.1
WASP-55 b,0.57,1.3,1160.1
HAT-P-51 b,0.309,1.293,1192
K2-99 b,0.97,1.29,
KELT-2A b,1.524,1.29,1712
Kepler-470 b,,1.288,
HAT-P-50 b,1.35,1.288,1862
Kepler-485 b,,1.286,
WASP-108 b,0.892,1.284,1590
HAT-P-46 b,0.493,1.284,1458
HAT-P-43 b,0.66,1.283,1361
WASP-14 b,7.341,1.281,1718.8
WASP-26 b,1.028,1.281,1521.3
HAT-P-13 b,0.85,1.28,1504.3
HAT-P-44 b,0.392,1.28,1126
HAT-P-42 b,0.975,1.277,1427
WASP-64 b,1.271,1.271,1689
WASP-52 b,0.46,1.27,1315
WASP-75 b,1.07,1.27,1710
HAT-P-4 b,0.68,1.27,1550.7
WASP-39 b,0.28,1.27,1021.8
WASP-36 b,2.279,1.269,1554.5
HAT-P-36 b,1.832,1.264,1669.2
CoRoT-26 b,0.52,1.26,
HATS-25 b,0.613,1.26,
WASP-25 b,0.58,1.26,1135
OGLE-TR-211 b,0.75,1.26,1581.5
Kepler-699 b,,1.259,
WASP-102 b,0.624,1.259,
HAT-P-5 b,1.06,1.252,1387.4
HATS-29 b,0.653,1.251,
HATS-32 b,0.92,1.249,
HAT-P-24 b,0.685,1.242,1495
WASP-124 b,0.6,1.24,1400
WASP-85 A b,1.265,1.24,1452
WASP-68 b,0.95,1.24,1490
WASP-61 b,2.06,1.24,1417.5
Kepler-731 b,,1.238,
WASP-110 b,0.51,1.238,1134
KOI-192 b,0.29,1.23,1100
HATS-33 b,1.192,1.23,
OGLE-TR-132 b,1.17,1.227,1812
WASP-6 b,0.503,1.224,1092.2
KOI-135 b,3.23,1.22,
WASP-131 b,0.27,1.22,
WASP-34 b,0.59,1.22,1058.7
XO-3 b,11.79,1.217,1554.5
HAT-P-1 b,0.524,1.217,1182.1
WASP-28 b,0.907,1.213,1468
HAT-P-28 b,0.626,1.212,1262.4
HATS-13 b,0.543,1.212,1244
WASP-141 b,2.69,1.21,
WASP-95 b,1.13,1.21,1570
WASP-133 b,1.16,1.21,1790
WASP-77 A b,1.76,1.21,
TrES-5 b,1.778,1.209,
WASP-53 b,2.5,1.2,
HAT-P-14 b,2.2,1.2,1445.9
OGLE-TR-56 b,1.3,1.2,1390.3
Kepler-87 b,1.02,1.2,478.1
WASP-96 b,0.48,1.2,1285
Kepler-418 b,,1.2,
HAT-P-34 b,3.328,1.197,1335.3
K2-30 b,0.624,1.196,
HATS-28 b,0.672,1.194,
KOI-183 b,0.595,1.192,1605
WASP-112 b,0.88,1.191,1395
HAT-P-16 b,4.193,1.19,1567
K2-29 b,0.73,1.19,
Kepler-468 b,,1.19,
CoRoT-4 b,0.72,1.19,975.6
HAT-P-25 b,0.567,1.19,1100.1
WASP-32 b,3.6,1.19,1427.6
XO-1 b,0.9,1.184,1168
HAT-P-55 b,0.582,1.182,1313
WASP-41 b,0.94,1.18,
KELT-6 b,0.442,1.18,
HAT-P-37 b,1.169,1.178,1166.3
Kepler-670 b,,1.176,
Kepler-706 b,,1.175,
HATS-30 b,0.706,1.175,
WASP-5 b,1.637,1.171,1584
CoRoT-16 b,0.53,1.17,1085.5
KOI-428 b,2.2,1.17,
TrES-2,1.253,1.169,
HATS-2 b,1.345,1.168,1577
CoRoT-6 b,2.96,1.166,929.2
WASP-18 b,10.43,1.165,2187.5
WASP-70 A b,0.59,1.164,1387
Qatar-1 b,1.33,1.164,1389
Kepler-785 b,,1.162,
WASP-21 b,0.276,1.162,1333
WASP-73 b,1.88,1.16,1790
WASP-45 b,1.007,1.16,1094.2
WASP-22 b,0.588,1.158,1297.5
WASP-50 b,1.47,1.15,1289.9
Kepler-422 b,0.43,1.15,976
Qatar-2 b,2.487,1.144,1179.7
WASP-47 b,1.164,1.139,
HD 189733 A b,1.138,1.138,1099.7
WASP-104 b,1.272,1.137,1516
WASP-37 b,1.696,1.136,1213.5
Kepler-14 b,8.4,1.136,
Kepler-302 c,,1.13457,
Kepler-762 b,,1.131,
HAT-48 b,0.168,1.131,
Kepler-434 b,2.86,1.13,1000
WASP-97 b,1.32,1.13,1555
SWEEPS-11,9.7,1.13,
HATS-21 b,0.332,1.123,
KOI-806.02,2.013248,1.120903,431.4
KOI-1299 b,4.87,1.12,
WASP-2 A b,0.914,1.117,1170.7
WASP-49 b,0.378,1.115,1369
WASP-65 b,1.55,1.112,1480
KOI-423 b,19.1,1.11,
HAT-P-19 b,0.292,1.109,1010
HAT-P-29 b,0.778,1.107,1149.1
Qatar-5 b,4.32,1.107,
HATS-15 b,2.17,1.105,
WASP-24 b,1.032,1.104,1514.1
Kepler-117 c,1.84,1.101,704
WASP-98 b,0.83,1.1,1180
HR 8799 d,7,1.1,1200
WASP-99 b,2.78,1.1,1480
Ross 458 C,12.5,1.1,695
TrES-1 b,0.761,1.099,
Qatar-3 b,4.31,1.096,6007
HD 17156 b,3.191,1.095,790.5
WASP-56 b,0.571,1.092,1216
Kepler-44 b,1,1.09,
CoRoT-14 b,7.6,1.09,1781.4
KOI-195 b,0.34,1.09,1300
WASP-38 b,2.71,1.09,1152.9
Kepler-723 b,,1.088,
WASP-106 b,1.925,1.085,1140
Kepler-686 b,,1.084,
HAT-P-22 b,2.147,1.08,1171.7
WASP-10 b,3.06,1.08,946.8
WASP-42 b,0.5,1.08,995
CoRoT-25 b,0.27,1.08,
KOI-830 b,1.27,1.08,1070
OGLE-TR-111 b,0.54,1.077,940
HAT-P-15 b,1.946,1.072,819.9
Kepler-548 b,,1.07,
HAT-P-31 b,2.171,1.07,1324.7
Kepler-71 b,,1.06622,1046.2
HATS-9 b,0.837,1.065,1823
K2-31 b,1.774,1.06,
Kepler-1647 b,1.52,1.06,
KOI-2939 b,1.52,1.05932,
WASP-69 b,0.26,1.057,963
Kepler-1514 b,,1.055,
OGLE-TR-113 b,1.26,1.051,
HN Peg b,22,1.05,1130
CoRoT-23 b,2.8,1.05,1508.9
Kepler-75 b,10.1,1.05,
CoRoT-9 b,0.84,1.05,376.6
WASP-11 b,0.46,1.045,943.2
WASP-157 b,0.576,1.045,
WASP-83 b,0.3,1.04,1120
HATS-14 b,1.07,1.04,1276
Kepler-41 b,0.56,1.04,
WASP-89 b,5.9,1.04,1120
Kepler-490 b,,1.039,
WASP-8 b,2.244,1.038,846.5
WASP-43 b,2.034,1.036,1317.6
Kepler-289 c,0.415,1.034,
XO-5 b,1.077,1.03,1133.5
WASP-91 b,1.34,1.03,
HAT-P-21 b,4.063,1.024,1161.5
WASP-117 b,0.2755,1.021,1024
HAT-P-27 b,0.62,1.02,1102.7
HATS-4 b,1.323,1.02,1315
CoRoT-17 b,2.45,1.02,1486.4
Kepler-487 b,,1.019,
WASP-72 b,1.41,1.01,2210
HAT-P-17 b,0.534,1.01,707.1
Kepler-90 h,,1.01,
CoRoT-3 b,21.66,1.01,1554.7
HAT-P-52 b,0.818,1.009,1218
WASP-16 b,0.855,1.008,1160
CoRoT-27 b,10.39,1.007,1500
WASP-44 b,0.869,1.002,1304
Jupiter,1,1,
HR 8799 c,7,1,1200
HR 8799 e,7,1,1200
Kepler-89 d,0.33,1,806
51 Eri b,2,1,700
Kepler-553 c,,0.999,
HATS-6 b,0.319,0.998,712.8
Kepler-486 b,,0.981,
KOI-188 b,0.25,0.978,1070
WASP-84 b,0.7,0.975,832
XO-2N b,0.597,0.973,
CoRoT-10 b,2.75,0.97,600.8
2M 0746+20 b,30,0.97,
HATS-10 b,0.526,0.969,1407
KOI-1474 b,2.5,0.964,
WASP-23 b,0.884,0.962,1024
Kepler-45 b,0.505,0.96,774
Kepler-15 b,0.66,0.96,1027.9
Kepler-77 b,0.43,0.96,1189
WASP-105 b,1.8,0.96,
Kepler-74 b,0.63,0.96,
WASP-126 b,0.28,0.96,1480
HAT-P-12 b,0.211,0.959,875.4
CoRoT-28 b,0.484,0.955,
HATS-22 b,2.74,0.953,
WASP-80 b,0.554,0.952,600
HAT-P-2 b,8.74,0.951,1343.6
KOI-3680.01,2.2,0.95,
Kepler-725 b,,0.948,
HAT-P-18 b,0.196,0.947,841
Kepler-685 b,,0.944,
HAT-P-54 b,0.76,0.944,818
POTS-1 b,2.31,0.941,
KOI-1257 b,1.45,0.94,511
WASP-107 b,0.12,0.94,
Kepler-807 b,,0.93,
WASP-129 b,1,0.93,1100
HD 80606 b,3.94,0.921,339.6
2M 2140+16 b,20,0.92,
WASP-57 b,0.672,0.916,1251
Kepler-816 b,,0.914,
HATS-5 b,0.237,0.912,1025
HIP 41378 f,,0.91,
EPIC 220504338,1.28,0.91,
Kepler-693 b,,0.908,
Kepler-643 b,,0.906,
PH-2 b,,0.9,281
CoRoT-29 b,0.85,0.9,
Kepler-424 b,1.03,0.89,1143
WASP-130 b,1.23,0.89,
Lupus-TR 3b,0.81,0.89,
CoRoT-13 b,1.308,0.885,1166.5
KOI-372 b,3.25,0.882,
Kepler-56 c,0.569,0.874,
HATS-8 b,0.138,0.873,1324
Kepler-688 b,,0.871,
Kepler-1517 b,,0.871,
KIC 8012732 b,,0.87,
WASP-132 b,0.41,0.87,
HAT-P-20 b,7.246,0.867,888.3
Kepler-51 d,0.0239,0.865,
Kepler-714 b,,0.863,
WASP-60 b,0.514,0.86,
Kepler-492 b,,0.856,
Kepler-1515 b,,0.852,
Kepler-9 b,0.25,0.84,707.2
CoRoT-20 b,4.24,0.84,1002
Saturn,0.299,0.832944,
Kepler-856 b,,0.83,
HAT-P-3 b,0.591,0.827,1047.2
HAT-P-38 b,0.267,0.825,987
Kepler-695 b,,0.822,
Kepler-730 b,,0.822,
Kepler-9 c,0.17,0.82,557.9
KOI-201.01,,0.82,
Kepler-702 b,,0.818,
EPIC 218916923 b,0.381,0.812,
SWEEPS-4,,0.81,
Kepler-817 b,,0.806,
Kepler-51 c,0.0126,0.803,
KOI-806.01,0.072666,0.801947,334.2
Kepler-950 b,,0.801,
WASP-139 b,0.117,0.8,
Kepler-491 b,,0.796,
Kepler-890 b,,0.793,
WASP-29 b,0.244,0.792,910.6
Kepler-108 b,,0.78828,
HATS-17 b,1.338,0.777,
HATS-20 b,0.273,0.776,
WASP-59 b,0.863,0.775,
Kepler-148 d,,0.774,
Kepler-34 (AB) b,0.22,0.764,
Kepler-719 b,,0.76,
Kepler-1513 b,,0.755,
Kepler-16 (AB) b,0.333,0.7538,
Kepler-238 e,,0.75274,
Kepler-720 b,,0.75,
Kepler-628 b,,0.749,
Kepler-539 b,,0.747,
Kepler-108 c,,0.74545,
Kepler-855 b,,0.745,
Kepler-703 b,,0.732,
K2-39 b,0.125,0.73,
Kepler-35 (AB) b,0.127,0.728,
EPIC 203771098 c,0.085,0.723,
KIC 6185331 b,,0.72,
Kepler-90 g,,0.72,
Kepler-117 b,0.094,0.719,984
HD 149026 b,0.356,0.718,1601.5
HR 8799 b,5,0.7,1100
Kepler-118 c,,0.69988,
EPIC 201596316 b,,0.695,734
Kepler-79 d,,0.69168,
EPIC 201505350 b,0.138,0.691,
Kepler-489 b,,0.689,
K2-60 b,0.426,0.683,
Kepler-952 b,,0.682,
EPIC 201702477 b,,0.67,529
Kepler-111 c,,0.66525,
KOI-1894.01,0.18,0.66,
Kepler-297 c,0.13,0.66,
Kepler-682 b,,0.658,
Kepler-46 b,,0.65705,543
KOI-523.01,0.01982,0.64703,
Kepler-1085 b,,0.644,
Kepler-849 b,,0.637,
Kepler-494 b,,0.637,
Kepler-51 b,0.0066,0.633,
WASP-86 b,0.821,0.632,
Kepler-1519 b,,0.63,
Kepler-546 b,,0.624,
Kepler-561 b,,0.621,
Kepler-18 d,0.052,0.62,729.8
KIC 3558849 b,,0.616,
Kepler-522 b,,0.616,
Kepler-799 b,,0.614,
Kepler-857 b,,0.607,
Kepler-89 e,0.11009952,0.59781473,584
Kepler-767 b,,0.592,
KIC 5951458 b,,0.589,
Kepler-673 b,,0.583,
Kepler-56 b,0.0695,0.581,
Kepler-603 c,,0.58,
Kepler-31 b,,0.57868,
Kepler-1628 b,,0.574,
Kepler-891 b,,0.572,
KIC 5437945 b,,0.571,
CoRoT-8 b,0.22,0.57,783.1
Kepler-511 b,,0.567,
HAT-P-26 b,0.059,0.565,907.4
Kepler-397 c,,0.56319,
PH-1 A(ab) b,,0.5631852,
HATS-7 b,0.12,0.563,
KIC 9632895 b,0.019503,0.561818,
Kepler-1004 b,,0.56,
Kepler-87 c,0.020132,0.55954,403.3
Kepler-503 b,,0.559,
Kepler-63 b,,0.556806,
Kepler-450 b,,0.548,
Kepler-696 b,,0.548,
KOI-3791.02,,0.5442,
Kepler-820 b,,0.543,
Kepler-1625 b,,0.541,
Kepler-497 b,,0.539,
Kepler-122 c,,0.53493,
Kepler-700 b,,0.534,
Kepler-690 b,,0.531,
Kepler-943 b,,0.529,
EPIC 203771098 b,0.066,0.52,
Kepler-101 b,0.161,0.515,
Kepler-1520 b,,0.515,
Kepler-31 c,,0.51489,
Kepler-82 c,,0.51397,
Kepler-516 b,,0.512,
Kepler-1624 b,,0.509,
Kepler-827 b,,0.502,
Kepler-951 b,,0.499,
Kepler-257 c,,0.49301,
KOI-1873.01,0.10286,0.4921,
HIP 41378 e,,0.492,
Kepler-957 b,,0.491,
KIC 10525077 b,,0.491,
KIC 10024862 b,,0.49,
Kepler-18 c,0.054,0.49,911.1
Kepler-33 d,0.01478,0.487547,861.5
Kepler-279 c,,0.48664,
Kepler-281 c,,0.4839,
KOI-2672.01,,0.482991,413
Kepler-677 b,,0.48,
EPIC 205071984 b,,0.48,
K2-108 b,0.187,0.471,
Kepler-747 b,,0.47,
Kepler-103 c,,0.46841,
Kepler-495 b,,0.467,
Kepler-841 b,,0.467,
Kepler-562 b,,0.465,
Kepler-25 c,,0.4598,959.7
Kepler-678 b,,0.459,
Kepler-1314 b,,0.456,
Kepler-818 b,,0.456,
Kepler-279 d,,0.45201,
HAT-P-11 b,0.081,0.452,790.9
Kepler-257 d,,0.45109,
K2-33 b,3.6,0.451,
KOI-89.01,,0.45,
Kepler-229 c,,0.44836,
Kepler-27 c,,0.44653,418.5
EPIC 201635569 b,,0.443,488
CoRoT-24 c,0.088,0.44,850
Kepler-1321 b,,0.439,
Kepler-210 c,,0.436,
CoRoT-22 b,0.0383853,0.435365216,885
Kepler-858 b,,0.434,
EPIC 201505350 c,0.05,0.434,
Kepler-712 c,,0.433,
Kepler-669 b,,0.431,
Kepler-1640 b,,0.43,
KOI-89.02,,0.43,
Kepler-318 b,,0.42922,
Kepler-1527 b,,0.426,
Kepler-502 b,,0.426,
Kepler-1000 b,,0.425,
Kepler-405 c,,0.42467,
Kepler-637 b,,0.424,
Kepler-222 c,,0.42284,
Kepler-667 b,,0.422,
Kepler-47 (AB) c,,0.42011066,245.3
Kepler-31 d,,0.41555,
Kepler-972 b,,0.415,
Kepler-867 b,,0.414,
Kepler-564 b,,0.413,
Kepler-553 b,,0.413,
KIC 9663113 b,,0.41,
Kepler-740 b,,0.408,
Kepler-33 f,0.03618,0.406441,697.5
Kepler-636 b,,0.397,
EPIC 201546283 b,0.09156,0.397,
Kepler-38 (AB) b,,0.39641678,
Kepler-413 b,0.210762,0.396143,
Kepler-550 b,,0.394,
Kepler-89 c,0.04907293,0.39368287,1012
Kepler-359 c,,0.39186,
Kepler-959 b,,0.391,
Kepler-230 b,,0.38822,
Kepler-501 b,,0.384,
Kepler-149 b,,0.38366,
Kepler-554 b,,0.383,
Kepler-11 e,0.025166,0.380925,596.4
EPIC 211391664 b,0.101,0.38,
Kepler-421 b,,0.379102,184
Kepler-315 c,,0.37819,
Gliese 436 b,0.0727,0.3767,650.3
KOI-142 b,0.0055264,0.37647,791
Kepler-584 b,,0.376,
Kepler-953 b,,0.376,
Kepler-82 b,,0.37455,
Kepler-610 b,,0.374,
Kepler-1326 b,,0.373,
Kepler-247 c,,0.37272,
Kepler-248 c,,0.3709,
Kepler-278 b,,0.3709,
Kepler-258 b,,0.36999,
Kepler-302 b,,0.36999,
Kepler-228 d,,0.36817,
Kepler-697 b,,0.368,
Kepler-966 b,,0.368,
Kepler-815 b,,0.367,
Kepler-33 e,0.02108,0.366343,759.5
KIC 8540376 b,,0.366,
Kepler-359 d,,0.36543,
Kepler-27 b,,0.364521,532.4
Kepler-473 b,,0.364,
Uranus,0.0457,0.362775,
Kepler-24 c,,0.36179,
Kepler-149 d,,0.36088,
Kepler-178 d,,0.35996,
Kepler-247 d,,0.35905,
Kepler-590 b,,0.359,
Kepler-547 b,,0.357,
Kepler-4 b,0.077,0.357,1474.7
KOI-806.03,0.035546,0.355,556.9
Kepler-266 c,,0.3545,
Kepler-79 c,,0.3545,
Kepler-368 c,,0.35359,
EPIC 201828749 b,,0.353,613
HIP 41378 d,,0.353,
Kepler-976 b,,0.353,
Kepler-1405 b,,0.353,
Kepler-254 b,,0.35267,
Neptune,0.053953,0.35221925,
HD 106315 c,0.063,0.352,
Kepler-552 b,,0.352,
Kepler-874 b,,0.352,
Kepler-1442 b,,0.351,
Kepler-229 d,,0.35085,
KOI-370.01,,0.35,
Kepler-232 c,,0.34903,
Kepler-293 c,,0.34903,
Kepler-1024 b,,0.349,
Gliese 3470 b,0.0432,0.346,
Kepler-23 c,,0.34447,
Kepler-315 b,,0.34356,
Kepler-154 d,,0.343,
EPIC 201577035 b,0.085,0.3426,
Kepler-210 b,,0.3419,
Kepler-1462 b,,0.341,
Kepler-595 b,,0.34,
Kepler-53 c,,0.33992,
Kepler-920 c,,0.339,
Kepler-146 b,,0.33809,
Kepler-803 b,,0.338,
Kepler-234 b,,0.33718,
Kepler-150 c,,0.33627,
Kepler-222 d,,0.33627,
Kepler-462 b,,0.336,
Kepler-318 c,,0.33536,
Kepler-36 c,0.02541726,0.33526835,927.8
Kepler-873 b,,0.335,
Kepler-715 b,,0.335,
EPIC 205071984 d,,0.335,
Kepler-871 b,,0.334,
Kepler-1065 b,,0.333,
Kepler-627 b,,0.333,
Kepler-937 b,,0.332,
Kepler-79 b,,0.33171,
CoRoT-24 b,,0.33,1070
EPIC 211916756 b,,0.33,
Kepler-279 b,,0.32989,
Kepler-1627 b,,0.329,
Kepler-258 c,,0.32898,
Kepler-160 c,,0.32898,
Kepler-119 b,,0.32807,
Kepler-148 c,,0.32807,
Kepler-28 b,,0.32806906,680
Kepler-29 b,0.014184,0.328069,
Kepler-1016 c,,0.328,
Kepler-698 b,,0.328,
Kepler-582 b,,0.328,
Kepler-278 c,,0.32716,
Kepler-219 c,,0.32625,
Kepler-104 d,,0.32625,
KOI-285 b,,0.326,934
Kepler-1128 b,,0.326,
Kepler-967 c,,0.326,
Kepler-608 b,,0.325,
Kepler-1635 b,,0.325,
Kepler-565 b,,0.325,
Kepler-1068 b,,0.324,
WASP-47 d,0.0328,0.324,
Kepler-391 c,,0.3226,
Kepler-559 b,,0.322,
Kepler-869 b,,0.322,
Kepler-359 b,,0.32169,
Kepler-1143 c,,0.321,
JS 183 b,1.67,0.32,
K2-105 b,0.094,0.32,
Kepler-234 c,,0.31987,
Kepler-94 b,0.034099,0.319867,
EPIC 201445392 b,,0.319,
Kepler-729 b,,0.319,
KOI-2672.02,,0.318956,525
Kepler-734 b,,0.318,
Kepler-1015 b,,0.317,
Kepler-1562 b,,0.317,
Kepler-812 b,,0.317,
Kepler-802 b,,0.316,
Kepler-1316 b,,0.316,
Kepler-1524 b,,0.316,
Kepler-1038 b,,0.315,
Kepler-953 b,,0.315,
Kepler-107 e,,0.3144,
Kepler-687 b,,0.314,
Kepler-657 b,,0.314,
Kepler-24 b,,0.31258,
Kepler-357 d,,0.31258,
Kepler-182 c,,0.31258,
Kepler-116 b,,0.31167,
Kepler-95 b,0.040894,0.311666,
Kepler-159 c,,0.31075,
EPIC 211990866 b,,0.31,
EPIC 205071984 c,,0.31,
Kepler-28 c,,0.30984,595
Kepler-276 c,,0.30984,
Kepler-1533 b,,0.309,
Kepler-596 b,,0.309,
Kepler-335 b,,0.30893,
Kepler-310 c,,0.30802,
Kepler-275 c,,0.30802,
Kepler-139 c,,0.30802,
Kepler-268 c,,0.30802,
Kepler-340 c,,0.30711,
Kepler-143 c,,0.30711,
Kepler-103 b,,0.307109,
Kepler-277 c,0.20856,0.3062,
Kepler-79 e,,0.3062,
EPIC 210490365 b,,0.306,
Kepler-712 b,,0.304,
Kepler-616 c,,0.304,
Kepler-711 b,,0.304,
Kepler-11 g,,0.303464,386.4
Kepler-264 b,,0.30346,
Kepler-275 d,,0.30346,
Kepler-1360 b,,0.303,
Kepler-1051 b,,0.303,
Kepler-591 b,,0.302,
Kepler-533 b,,0.302,
Kepler-766 b,,0.302,
Kepler-965 b,,0.302,
Kepler-207 d,,0.30164,
Kepler-1083 b,,0.3,
Kepler-541 b,,0.3,
Kepler-1510 b,,0.3,
Kepler-1057 b,,0.3,
Kepler-684 b,,0.3,
Kepler-609 b,,0.299,
Kepler-1451 b,,0.299,
Kepler-728 b,,0.298,
Kepler-940 b,,0.298,
Kepler-368 b,,0.29708,
Kepler-287 c,,0.29708,
Kepler-199 c,,0.29617,
Kepler-1270 b,,0.296,
Kepler-620 b,,0.296,
Kepler-739 b,,0.296,
Kepler-606 b,,0.295,
Kepler-724 b,,0.294,
Kepler-464 b,,0.294,
Kepler-610 c,,0.294,
Kepler-1467 b,,0.294,
KOI-179.01,,0.2935,
Kepler-1080 b,,0.293,
Kepler-576 b,,0.292,
Kepler-411 c,,0.292,
Kepler-170 b,,0.29162,
Kepler-391 b,,0.29162,
Kepler-307 b,0.023403,0.29162,
Kepler-33 c,0.00252,0.2916,1018.5
Kepler-987 b,,0.291,
Kepler-1097 b,,0.291,
Kepler-726 b,,0.291,
Kepler-188 c,,0.29071,
Kepler-351 c,,0.29071,
Kepler-430 b,,0.29,
Kepler-742 b,,0.289,
KOI-1781.01,,0.289,
Kepler-860 b,,0.289,
Kepler-253 d,,0.28888,
Kepler-1636 b,,0.288,
Kepler-222 b,,0.28797,
Kepler-324 c,,0.28706,
Kepler-312 c,,0.28706,
Kepler-472 b,,0.287,
Kepler-648 b,,0.287,
Kepler-218 c,,0.28615,
Kepler-48 c,0.033219,0.286149,
Kepler-782 b,,0.286,
Kepler-483 b,,0.286,
Kepler-350 c,,0.28524,
Kepler-104 c,,0.28524,
Kepler-146 c,,0.28524,
Kepler-1642 b,,0.285,
Kepler-1634 b,,0.285,
Kepler-1294 b,,0.285,
Kepler-1172 b,,0.285,
Kepler-150 e,,0.28433,
Kepler-224 c,,0.28433,
Kepler-1502 b,,0.284,
Kepler-630 b,,0.284,
Kepler-521 b,,0.284,
Kepler-1094 b,,0.284,
Kepler-227 b,,0.28342,
Kepler-199 b,,0.28342,
Kepler-11 d,0.022964,0.283415,658.7
Kepler-1593 b,,0.283,
Kepler-774 b,,0.283,
Kepler-104 b,,0.2825,
Kepler-209 c,,0.2825,
Kepler-175 c,,0.2825,
Kepler-569 b,,0.282,
Kepler-619 b,,0.282,
Kepler-644 b,,0.281,
Kepler-1001 b,,0.281,
Kepler-232 b,,0.28068,
Kepler-1536 b,,0.28,
Kepler-346 c,,0.27977,
Kepler-238 d,,0.27977,
Kepler-335 c,,0.27977,
Kepler-293 b,,0.27977,
Kepler-1600 b,,0.279,
Kepler-1546 b,,0.279,
Kepler-955 b,,0.279,
Kepler-151 b,,0.27886,
Kepler-351 b,,0.27886,
Kepler-656 b,,0.278,
Kepler-227 c,,0.27704,
Kepler-216 c,,0.27704,
Kepler-385 c,,0.27704,
Kepler-536 b,,0.277,
Kepler-1318 b,,0.277,
Kepler-749 b,,0.277,
Kepler-692 b,,0.277,
Kepler-1641 b,,0.277,
Kepler-245 d,,0.27612,
Kepler-162 c,,0.27612,
Kepler-859 b,,0.276,
Kepler-563 b,,0.276,
Kepler-248 b,,0.27521,
Kepler-476 b,,0.275,
Kepler-681 b,,0.275,
Kepler-941 b,,0.275,
Kepler-180 c,,0.2743,
Kepler-924 b,,0.274,
Kepler-1494 b,,0.274,
Kepler-661 b,,0.274,
Kepler-750 b,,0.274,
KIC 6436029 b,,0.274,
Kepler-338 d,,0.27339,
Kepler-760 b,,0.273,
Kepler-474 b,,0.273,
Kepler-255 c,,0.27248,
Kepler-791 b,,0.272,
Kepler-1518 b,,0.272,
Kepler-463 b,,0.272,
Kepler-1204 b,,0.272,
Kepler-223 d,,0.27157,
Kepler-47 (AB) b,,0.27156828,448.8
Kepler-1490 b,,0.271,
Kepler-676 b,,0.271,
Kepler-498 b,,0.27,
Kepler-20 c,0.051,0.27,759.9
Kepler-893 b,,0.27,
Kepler-1112 b,,0.269,
Kepler-623 b,,0.269,
Kepler-1550 b,,0.269,
Kepler-1267 b,,0.269,
Kepler-530 b,,0.269,
Kepler-809 b,,0.269,
Kepler-679 b,,0.269,
Kepler-1036 b,,0.269,
Kepler-1056 b,,0.269,
Kepler-344 c,,0.26883,
Kepler-154 c,,0.26883,
Kepler-219 b,,0.26883,
KOI-341 c,,0.268,
Kepler-956 b,,0.268,
Kepler-67 b,,0.267923,
Kepler-58 d,,0.26792,
Kepler-123 b,,0.26792,
Kepler-139 b,,0.26792,
Kepler-26 b,0.016097,0.26792,
Kepler-26 c,0.019492,0.26792,
Kepler-221 c,,0.26701,
Kepler-1175 b,,0.267,
Kepler-1341 b,,0.267,
Kepler-978 b,,0.267,
Kepler-153 b,,0.2661,
Kepler-277 b,0.27619,0.2661,
Kepler-1299 b,,0.266,
Kepler-985 b,,0.266,
Kepler-325 b,,0.26519,
Kepler-1354 b,,0.265,
Kepler-741 b,,0.265,
Kepler-993 b,,0.265,
KOI-523.02,0.00535,0.26428,
Kepler-178 b,,0.26428,
Kepler-314 c,,0.26428,
Kepler-29 c,0.012579,0.26427,
Kepler-1129 b,,0.264,
Kepler-650 b,,0.264,
Kepler-735 b,,0.263,
Kepler-465 b,,0.263,
Kepler-1641 c,,0.263,
Kepler-178 c,,0.26246,
Kepler-305 b,,0.26246,
Kepler-90 f,,0.262455,
Kepler-1086 c,,0.262,
Kepler-1202 b,,0.262,
Kepler-1495 b,,0.262,
Kepler-1041 b,,0.262,
Kepler-11 c,0.009028,0.261544,806.8
Kepler-90 d,,0.261544,
Kepler-297 b,,0.26154,
Kepler-276 b,,0.26154,
Kepler-708 b,,0.261,
Kepler-1475 b,,0.261,
Kepler-709 b,,0.261,
Kepler-1052 b,,0.261,
Kepler-736 b,,0.261,
Kepler-769 b,,0.261,
Kepler-549 c,,0.261,
Kepler-170 c,,0.26063,
Kepler-172 c,,0.26063,
Kepler-304 b,,0.26063,
Kepler-142 c,,0.26063,
HIP 41378 b,,0.26,
Kepler-949 b,,0.26,
Kepler-201 c,,0.25972,
Kepler-80 c,,0.25972,
Kepler-105 b,,0.25972,
Kepler-288 c,,0.25972,
Kepler-358 c,,0.25972,
Kepler-716 b,,0.259,
Kepler-642 b,,0.259,
Kepler-1447 b,,0.259,
Kepler-631 b,,0.259,
Kepler-1239 b,,0.259,
Kepler-863 b,,0.259,
Kepler-875 b,,0.259,
Kepler-1554 b,,0.259,
Kepler-600 b,,0.259,
Kepler-133 c,,0.25881,
Kepler-410 A b,,0.258628,
Kepler-805 b,,0.258,
HD 3167 c,,0.258,
Kepler-689 b,,0.258,
Kepler-781 b,,0.258,
Kepler-264 c,,0.2579,
Kepler-58 b,,0.25699,
Kepler-198 b,,0.25699,
Kepler-281 b,,0.25699,
Kepler-130 c,,0.25608,
Kepler-219 d,,0.25608,
Kepler-53 b,,0.25608,
Kepler-276 d,,0.25608,
Kepler-305 c,,0.25608,
Kepler-1011 b,,0.256,
Kepler-593 b,,0.256,
Kepler-921 b,,0.256,
Kepler-66 b,,0.255165,
Kepler-307 c,0.011468,0.25516,
Kepler-259 b,,0.25516,
Kepler-1419 b,,0.255,
Kepler-1388 d,,0.255,
Kepler-1237 b,,0.255,
Kepler-1325 b,,0.255,
Kepler-150 d,,0.25425,
Kepler-192 c,,0.25425,
Kepler-325 d,,0.25425,
Kepler-152 b,,0.25425,
Kepler-800 b,,0.254,
Kepler-466 b,,0.254,
Kepler-24 e,,0.25334,
Kepler-701 b,,0.253,
Kepler-599 b,,0.253,
Kepler-612 b,,0.253,
Kepler-527 b,,0.253,
Gliese 1214 b,0.0195,0.2525,604
Kepler-251 c,,0.25243,
Kepler-251 d,,0.25243,
Kepler-251 e,,0.25243,
Kepler-350 d,,0.25243,
Kepler-1099 b,,0.252,
Kepler-1411 b,,0.252,
Kepler-1538 b,,0.252,
Kepler-585 b,,0.252,
Kepler-555 b,,0.252,
Kepler-1183 b,,0.252,
Kepler-722 c,,0.252,
Kepler-733 b,,0.252,
Kepler-1359 b,,0.252,
Kepler-238 f,,0.25152,
Kepler-172 e,,0.25152,
Kepler-244 b,,0.25152,
Kepler-84 c,,0.25152,
Kepler-1113 b,,0.251,
Kepler-1234 b,,0.251,
Kepler-1333 b,,0.251,
Kepler-752 b,,0.251,
Kepler-892 b,,0.251,
Kepler-193 c,,0.25061,
Kepler-304 d,,0.25061,
Kepler-694 b,,0.25,
Kepler-20 d,0.06,0.25,388.6
Kepler-912 b,,0.25,
Kepler-1469 b,,0.25,
EPIC 201713348 c,,0.25,
Kepler-212 c,,0.2497,
Kepler-192 b,,0.2497,
Kepler-835 b,,0.249,
Kepler-586 b,,0.249,
Kepler-573 b,,0.249,
Kepler-385 b,,0.24879,
Kepler-221 d,,0.24879,
Kepler-164 c,,0.24879,
Kepler-894 b,,0.248,
Kepler-870 b,,0.248,
Kepler-531 b,,0.248,
Kepler-480 b,,0.248,
Kepler-358 b,,0.24787,
Kepler-1077 b,,0.247,
Kepler-970 b,,0.247,
Kepler-1140 b,,0.247,
Kepler-294 c,,0.24696,
Kepler-355 c,,0.24696,
Kepler-233 c,,0.24696,
Kepler-305 d,,0.24696,
Kepler-449 c,,0.2466,
Kepler-290 c,,0.24605,
Kepler-228 c,,0.24605,
Kepler-259 c,,0.24605,
Kepler-819 b,,0.246,
EPIC 201393098 b,,0.246,651
Kepler-1458 b,,0.246,
EPIC 201295312 b,,0.2453,
Kepler-168 c,,0.24514,
EPIC 203826436 c,,0.245,
Kepler-838 b,,0.244,
Kepler-551 b,,0.244,
Kepler-1129 c,,0.244,
Kepler-506 b,,0.244,
Kepler-1567 b,,0.244,
Kepler-836 b,,0.244,
EPIC 203826436 d,,0.244,
Kepler-436 b,,0.244,
Kepler-1118 b,,0.244,
Kepler-292 e,,0.24332,
Kepler-187 c,,0.24332,
Kepler-263 b,,0.24332,
Kepler-357 c,,0.24332,
Kepler-288 d,,0.24332,
Kepler-96 b,,0.243318,
Kepler-1058 b,,0.243,
Kepler-979 b,,0.243,
Kepler-351 d,,0.243,
Kepler-58 c,,0.24241,
Kepler-346 b,,0.24241,
Kepler-80 b,,0.24241,
Kepler-127 c,,0.24241,
Kepler-90 e,,0.242407,
Kepler-1543 b,,0.242,
Kepler-478 b,,0.242,
Kepler-655 b,,0.242,
Kepler-540 b,,0.242,
Kepler-1230 b,,0.242,
Kepler-253 c,,0.2415,
Kepler-299 c,,0.2415,
Kepler-375 c,,0.2415,
Kepler-25 b,,0.2411,1220.6
Kepler-1545 b,,0.241,
Kepler-995 b,,0.241,
Kepler-668 b,,0.241,
Kepler-1539 b,,0.241,
Kepler-1452 b,,0.241,
Kepler-811 b,,0.241,
KOI-2113 c,,0.241,
Kepler-127 d,,0.24058,
Kepler-1369 b,,0.24,
Kepler-1045 b,,0.24,
Kepler-545 b,,0.24,
Kepler-671 b,,0.24,
Kepler-512 b,,0.24,
Kepler-319 c,,0.23967,
Kepler-265 c,,0.23967,
Kepler-221 e,,0.23967,
Kepler-1184 b,,0.239,
Kepler-561 c,,0.239,
Kepler-487 c,,0.239,
PH3 c,0.013,0.239,
Kepler-899 b,,0.239,
K2-26 b,,0.2382,
Kepler-1044 b,,0.238,
Kepler-937 c,,0.238,
Kepler-980 b,,0.238,
Kepler-517 b,,0.238,
Kepler-557 b,,0.238,
Kepler-1453 b,,0.238,
Kepler-257 b,,0.23785,
Kepler-214 b,,0.23785,
Kepler-344 b,,0.23785,
Kepler-242 b,,0.23785,
Kepler-284 c,,0.23785,
Kepler-1110 b,,0.237,
Kepler-880 b,,0.237,
Kepler-1102 b,,0.237,
Kepler-218 d,,0.237,
Kepler-664 b,,0.237,
KIC 10905746 b,,0.237,
Kepler-1642 c,,0.237,
Kepler-963 b,,0.237,
Kepler-1551 b,,0.237,
Kepler-122 e,,0.23694,
Kepler-115 c,,0.23694,
Kepler-84 e,,0.23694,
Kepler-176 c,,0.23694,
Kepler-265 e,,0.23603,
Kepler-194 c,,0.23603,
Kepler-603 b,,0.236,
Kepler-571 b,,0.236,
Kepler-1134 b,,0.236,
Kepler-1548 b,,0.236,
Kepler-721 b,,0.236,
Kepler-635 b,,0.236,
Kepler-182 b,,0.23512,
Kepler-169 f,,0.23512,
Kepler-525 b,,0.235,
Kepler-588 b,,0.235,
Kepler-1241 b,,0.235,
Kepler-1023 b,,0.235,
Kepler-1054 b,,0.235,
Kepler-581 b,,0.235,
Kepler-944 b,,0.235,
Kepler-945 b,,0.235,
Kepler-722 b,,0.235,
Kepler-245 b,,0.2342,
Kepler-241 c,,0.2342,
Kepler-203 b,,0.2342,
Kepler-313 c,,0.2342,
Kepler-282 e,,0.2342,
Kepler-977 b,,0.234,
Kepler-450 c,,0.234,
KOI-1194 c,,0.234,
Kepler-106 e,0.035137,0.233294,
Kepler-171 c,,0.23329,
Kepler-175 b,,0.23329,
Kepler-1187 b,,0.233,
KOI-1781.03,,0.233,
Kepler-1147 b,,0.233,
Kepler-704 b,,0.233,
Kepler-60 d,0.012,0.232382,
Kepler-156 c,,0.23238,
Kepler-129 c,,0.23238,
Kepler-268 b,,0.23238,
Kepler-663 b,,0.232,
Kepler-1362 b,,0.232,
Kepler-665 b,,0.232,
Kepler-911 b,,0.232,
Kepler-618 b,,0.232,
Kepler-990 b,,0.232,
Kepler-1233 b,,0.232,
Kepler-505 b,,0.232,
Kepler-325 c,,0.23147,
Kepler-843 b,,0.231,
Kepler-1388 b,,0.231,
Kepler-604 b,,0.231,
Kepler-153 c,,0.23056,
Kepler-340 b,,0.23056,
Kepler-313 b,,0.23056,
Kepler-204 b,,0.23056,
HIP 116454 b,0.037182,0.23056,690
Kepler-83 b,,0.23056,
Kepler-1639 b,,0.23,
Kepler-500 b,,0.23,
Kepler-572 b,,0.23,
EPIC 201384232 b,,0.23,615
Kepler-461 b,,0.23,
Kepler-1266 b,,0.23,
Kepler-1018 b,,0.23,
Kepler-361 c,,0.22965,
Kepler-109 c,,0.229648,
Kepler-65 c,,0.2294,
Kepler-532 b,,0.229,
Kepler-879 b,,0.229,
Kepler-1549 b,,0.229,
Kepler-839 b,,0.229,
Kepler-580 b,,0.229,
Kepler-660 b,,0.229,
Kepler-549 b,,0.229,
Kepler-239 c,,0.22874,
Kepler-309 c,,0.22874,
Kepler-81 b,,0.22874,
Kepler-176 d,,0.22874,
Kepler-445 c,,0.228737,
HIP 41378 c,,0.228,
Kepler-1171 b,,0.228,
Kepler-837 b,,0.228,
KOI-370.02,,0.228,
EPIC 201736247 b,,0.228,676
Kepler-640 b,,0.228,
Kepler-126 d,,0.22783,
Kepler-298 d,,0.22783,
Kepler-254 d,,0.22783,
Kepler-106 c,0.032841,0.227826,
Kepler-1043 b,,0.227,
Kepler-1211 b,,0.227,
Kepler-788 b,,0.227,
Kepler-902 b,,0.227,
Kepler-961 b,,0.227,
Kepler-1535 b,,0.227,
Kepler-852 b,,0.227,
Kepler-1116 b,,0.227,
KOI-1860 c,,0.227,
Kepler-577 b,,0.227,
Kepler-991 b,,0.227,
EPIC 201754305 c,,0.227,
Kepler-342 d,,0.22691,
Kepler-265 d,,0.22691,
Kepler-184 d,,0.22691,
Kepler-11 f,0.006291,0.226003,525.3
Kepler-266 b,,0.226,
Kepler-903 c,,0.226,
Kepler-256 d,,0.226,
Kepler-727 b,,0.226,
EPIC 220674823 c,,0.226,
Kepler-896 b,,0.226,
Kepler-203 c,,0.22509,
Kepler-306 d,,0.22509,
Kepler-198 c,,0.22509,
Kepler-263 c,,0.22509,
Kepler-310 d,,0.22509,
Kepler-269 b,,0.22509,
Kepler-82 e,,0.22509,
Kepler-84 b,,0.22509,
Kepler-1350 b,,0.225,
Kepler-748 b,,0.225,
Kepler-201 b,,0.22418,
Kepler-397 b,,0.22418,
Kepler-1033 b,,0.224,
Kepler-243 b,,0.22327,
Kepler-164 d,,0.22327,
Kepler-738 b,,0.223,
Kepler-659 b,,0.223,
Kepler-1168 b,,0.223,
Kepler-481 b,,0.223,
Kepler-672 b,,0.223,
Kepler-1521 b,,0.223,
Kepler-885 b,,0.223,
Kepler-543 b,,0.223,
Kepler-338 b,0.0963,0.22236,
Kepler-1273 b,,0.222,
Kepler-475 b,,0.222,
Kepler-1540 b,,0.222,
Kepler-652 b,,0.222,
Kepler-865 b,,0.222,
Kepler-509 b,,0.222,
Kepler-173 c,,0.22145,
Kepler-147 c,,0.22145,
Kepler-233 b,,0.22145,
Kepler-713 b,,0.221,
Kepler-846 b,,0.221,
Kepler-758 b,,0.221,
Kepler-1030 b,,0.221,
KOI-1860 b,,0.221,
Kepler-114 d,,0.22054,
Kepler-1632 b,,0.22,
Kepler-1101 b,,0.22,
Kepler-1307 b,,0.22,
Kepler-1552 b,,0.22,
Kepler-510 b,,0.22,
Kepler-131 b,0.05074,0.219624,
Kepler-343 b,,0.21962,
Kepler-143 b,,0.21962,
Kepler-26 e,,0.21962,
KOI-285 c,,0.219,748
Kepler-1388 e,,0.219,
Kepler-933 b,,0.219,
Kepler-570 b,,0.219,
Kepler-751 b,,0.219,
Kepler-1176 b,,0.219,
Kepler-194 d,,0.21871,
Kepler-112 c,,0.21871,
Kepler-223 e,,0.21871,
Kepler-1086 b,,0.218,
EPIC 201208431 b,,0.218,563
Kepler-675 b,,0.218,
Kepler-238 c,,0.2178,
Kepler-32 d,,0.2178,
Kepler-193 b,,0.2178,
Kepler-152 c,,0.2178,
Kepler-215 d,,0.2178,
Kepler-765 b,,0.217,
Kepler-1526 b,,0.217,
Kepler-616 b,,0.217,
Kepler-786 b,,0.217,
Kepler-189 c,,0.21689,
Kepler-166 c,,0.21689,
Kepler-159 b,,0.21689,
Kepler-22 b,,0.21689,249.6
Kepler-920 b,,0.216,
Kepler-680 b,,0.216,
Kepler-717 b,,0.216,
EPIC 204221263 c,0.031,0.216,
Kepler-336 d,,0.21598,
Kepler-129 b,,0.21598,
Kepler-125 b,,0.21598,
Kepler-109 b,,0.215979,
Kepler-112 b,,0.21507,
Kepler-184 b,,0.21507,
Kepler-1182 b,,0.215,
Kepler-1170 b,,0.215,
EPIC 201445392 c,,0.215,
Kepler-1337 b,,0.215,
Kepler-216 b,,0.21416,
Kepler-256 e,,0.21416,
Kepler-306 c,,0.21416,
Kepler-292 f,,0.21416,
Kepler-172 b,,0.21416,
Kepler-49 b,,0.21416,
Kepler-10 c,0.054106,0.214156,584
Kepler-864 b,,0.214,
KIC 8540376 c,,0.214,
EPIC 201613023 b,,0.214,1003
Kepler-1321 c,,0.214,
Kepler-666 b,,0.214,
HD 97658 b,0.023754977,0.213245,757
Kepler-213 c,,0.21324,
Kepler-52 b,,0.21324,
Kepler-171 b,,0.21324,
Kepler-121 b,,0.21324,
Kepler-246 b,,0.21324,
Kepler-122 b,,0.21324,
Kepler-275 b,,0.21324,
Kepler-338 c,,0.21324,
Kepler-574 b,,0.213,
Kepler-897 b,,0.213,
Kepler-592 b,,0.213,
Kepler-575 b,,0.213,
Kepler-614 b,,0.213,
Kepler-798 b,,0.213,
Kepler-1014 b,,0.213,
Kepler-241 b,,0.21233,
Kepler-239 b,,0.21233,
Kepler-287 b,,0.21233,
Kepler-1071 b,,0.212,
Kepler-639 b,,0.212,
EPIC 206318379 b,,0.212,
Kepler-60 c,0.0151,0.212,
Kepler-1060 b,,0.212,
Kepler-1249 b,,0.212,
Kepler-321 c,,0.21142,
Kepler-165 b,,0.21142,
Kepler-454 b,0.02152,0.2114,
Kepler-1214 b,,0.211,
Kepler-986 b,,0.211,
Kepler-535 b,,0.211,
Kepler-651 b,,0.211,
Kepler-1192 b,,0.211,
Kepler-1159 b,,0.211,
Kepler-1022 b,,0.211,
Kepler-1066 b,,0.211,
Kepler-482 b,,0.211,
Kepler-1345 b,,0.211,
Kepler-1154 c,,0.211,
Kepler-1272 b,,0.211,
Kepler-983 b,,0.211,
Kepler-1309 b,,0.211,
Kepler-558 b,,0.211,
Kepler-597 b,,0.211,
Kepler-244 d,,0.21051,
Kepler-1132 b,,0.21,
Kepler-967 b,,0.21,
KOI-4307.01,,0.2097,
Kepler-156 b,,0.2096,
KOI-1873.02,0.07046,0.2096,
Kepler-224 d,,0.2096,
Kepler-116 c,,0.2096,
EPIC 210363145 b,,0.2096,
Kepler-83 c,,0.2096,
Kepler-999 b,,0.209,
Kepler-925 b,,0.209,
Kepler-1158 b,,0.209,
Kepler-1154 b,,0.209,
Kepler-379 c,,0.20869,
Kepler-319 d,,0.20869,
Kepler-1247 b,,0.208,
Kepler-1021 b,,0.208,
KOI-4427.01,,0.208,
Kepler-443 b,,0.208,
Kepler-436 c,,0.208,
Kepler-85 c,,0.20778,
Kepler-282 d,,0.20778,
Kepler-250 c,,0.20778,
Kepler-1255 b,,0.207,
Kepler-1486 b,,0.207,
Kepler-954 b,,0.207,
Kepler-998 b,,0.207,
Kepler-496 b,,0.207,
Kepler-1208 b,,0.207,
Kepler-1010 b,,0.207,
Kepler-166 b,,0.20687,
Kepler-226 c,,0.20687,
Kepler-267 d,,0.20687,
Kepler-306 e,,0.20687,
Kepler-121 c,,0.20687,
Kepler-183 c,,0.20687,
Kepler-926 b,,0.206,
Kepler-624 b,,0.206,
EPIC 201912552 b,,0.206,272
Kepler-981 b,,0.206,
Kepler-68 b,0.026,0.206,1280
KOI-2113 b,,0.206,
Kepler-154 b,,0.20595,
Kepler-209 b,,0.20595,
Kepler-163 c,,0.20595,
Kepler-342 b,,0.20504,
Kepler-172 d,,0.20504,
Kepler-300 c,,0.20504,
Kepler-272 d,,0.20504,
Kepler-290 b,,0.20504,
EPIC 201855371 b,,0.205,487
Kepler-1073 b,,0.205,
Kepler-1643 b,,0.205,
Kepler-770 b,,0.205,
Kepler-621 b,,0.205,
K2-77 b,1.9,0.205,
Kepler-69 b,,0.2041318,779
Kepler-196 c,,0.20413,
Kepler-157 c,,0.20413,
Kepler-284 b,,0.20413,
Kepler-155 c,,0.20413,
Kepler-626 b,,0.204,
Kepler-613 b,,0.204,
Kepler-960 b,,0.204,
Kepler-1201 b,,0.204,
Kepler-1304 b,,0.204,
Kepler-1334 b,,0.204,
Kepler-1227 b,,0.204,
Kepler-1374 b,,0.204,
Kepler-292 d,,0.20322,
Kepler-217 b,,0.20322,
Kepler-165 c,,0.20322,
Kepler-235 b,,0.20322,
Kepler-484 b,,0.203,
EPIC 201549860 b,,0.203,766
Kepler-1503 b,,0.203,
Kepler-1103 b,,0.203,
Kepler-1020 b,,0.203,
Kepler-861 b,,0.203,
Kepler-401 d,,0.203,
Kepler-191 d,,0.203,
Kepler-589 b,,0.203,
Kepler-759 b,,0.203,
Kepler-947 b,,0.203,
Kepler-583 b,,0.203,
Kepler-32 c,,0.20231,
Kepler-235 e,,0.20231,
Kepler-102 e,0.028091,0.202309,
Kepler-568 b,,0.202,
EPIC 201338508 c,,0.202,
Kepler-1242 b,,0.202,
Kepler-1388 c,,0.202,
Kepler-1261 b,,0.202,
Kepler-538 b,,0.202,
Kepler-1034 b,,0.202,
Kepler-649 b,,0.202,
Kepler-110 c,,0.2014,
Kepler-1407 b,,0.201,
Kepler-919 b,,0.201,
Kepler-1381 b,,0.201,
Kepler-567 b,,0.201,
Kepler-982 b,,0.201,
Kepler-1090 b,,0.201,
Kepler-467 b,,0.201,
EPIC 201465501 b,,0.2007,
Kepler-229 b,,0.20049,
Kepler-240 c,,0.20049,
Kepler-122 d,,0.20049,
Kepler-23 d,,0.20049,
Kepler-169 e,,0.20049,
Kepler-84 f,,0.20049,
Kepler-100 c,,0.200487,
Kepler-556 b,,0.2,
Kepler-439 b,,0.2,
EPIC 211822797 b,,0.2,
Kepler-534 b,,0.2,
Kepler-174 d,,0.19958,
Kepler-57 b,0.015814,0.199575,
HD 106315 b,0.025,0.199,
Kepler-1186 b,,0.199,
Kepler-587 b,,0.199,
Kepler-1196 b,,0.199,
Kepler-113 c,,0.198664,
Kepler-245 c,,0.19866,
Kepler-261 b,,0.19866,
Kepler-250 d,,0.19866,
Kepler-1609 b,,0.198,
Kepler-1151 b,,0.198,
Kepler-1432 b,,0.198,
Kepler-1496 b,,0.198,
Kepler-938 b,,0.198,
Kepler-50 c,0.026041,0.1977527,
Kepler-304 c,,0.19775,
Kepler-19 b,,0.1971,
Kepler-1162 b,,0.197,
Kepler-989 b,,0.197,
Kepler-862 b,,0.197,
Kepler-1026 b,,0.197,
Kepler-632 b,,0.197,
Kepler-291 b,,0.19684,
Kepler-55 b,,0.19684,
Kepler-308 c,,0.19684,
Kepler-142 d,,0.19684,
Kepler-513 b,,0.196,
Kepler-60 b,0.0129,0.196,
Kepler-1137 b,,0.196,
Kepler-1378 b,,0.196,
Kepler-61 b,,0.19593013,273
Kepler-252 c,,0.19593,
Kepler-256 c,,0.19593,
Kepler-120 b,,0.19593,
Kepler-401 c,,0.19593,
Kepler-254 c,,0.19593,
Kepler-364 c,,0.19593,
Kepler-48 b,0.015079,0.195019,
Kepler-1630 b,,0.195,
Kepler-1109 b,,0.195,
Kepler-1042 b,,0.195,
Kepler-214 c,,0.19411,
Kepler-267 c,,0.19411,
Kepler-200 b,,0.19411,
Kepler-283 b,,0.19411,
Kepler-1329 b,,0.194,
Kepler-1016 b,,0.194,
EPIC 201367065 b,0.0264,0.194,
Kepler-790 b,,0.194,
Kepler-1009 b,,0.194,
Kepler-499 b,,0.194,
Kepler-732 b,,0.194,
Kepler-594 b,,0.194,
Kepler-797 b,,0.194,
Kepler-662 b,,0.194,
Kepler-1444 b,,0.194,
Kepler-161 b,,0.1932,
Kepler-308 b,,0.1932,
Kepler-53 d,,0.1932,
Kepler-158 b,,0.1932,
Kepler-1455 b,,0.193,
Kepler-1621 b,,0.193,
Kepler-745 b,,0.193,
Kepler-1474 b,,0.193,
Kepler-566 b,,0.192,
Kepler-1013 b,,0.192,
Kepler-1286 b,,0.192,
Kepler-289 b,0.023,0.192,
Kepler-1364 b,,0.192,
Kepler-32 b,,0.19137,
Kepler-336 c,,0.19137,
Kepler-360 c,,0.19137,
Kepler-813 b,,0.191,
Kepler-1236 b,,0.191,
Kepler-1212 b,,0.191,
Kepler-1160 b,,0.191,
Kepler-437 b,,0.191,
Kepler-1403 b,,0.191,
Kepler-151 c,,0.19046,
Kepler-372 c,,0.19046,
Kepler-317 b,,0.19046,
Kepler-155 b,,0.19046,
Kepler-942 b,,0.19,
Kepler-1504 b,,0.19,
Kepler-971 b,,0.19,
Kepler-1487 b,,0.19,
Kepler-930 b,,0.19,
Kepler-622 b,,0.19,
Kepler-1161 b,,0.19,
Kepler-405 b,,0.18955,
Kepler-237 c,,0.18955,
Kepler-479 b,,0.189,
Kepler-814 b,,0.189,
Kepler-789 b,,0.189,
Kepler-877 b,,0.189,
Kepler-544 b,,0.189,
Kepler-1219 b,,0.189,
Kepler-984 b,,0.189,
Kepler-758 d,,0.189,
Kepler-964 b,,0.189,
Kepler-54 b,,0.18864,
Kepler-55 c,,0.18864,
Kepler-794 b,,0.188,
Kepler-906 b,,0.188,
Kepler-518 b,,0.188,
EPIC 201403446 b,,0.188,889
Kepler-1484 b,,0.188,
Kepler-1580 b,,0.188,
Kepler-829 b,,0.188,
Kepler-705 b,,0.188,
Kepler-377 c,,0.18773,
Kepler-183 b,,0.18773,
Kepler-49 c,,0.18773,
Kepler-519 b,,0.187,
Kepler-1529 b,,0.187,
Kepler-645 b,,0.187,
Kepler-1312 b,,0.187,
Kepler-136 b,,0.18682,
Kepler-235 d,,0.18682,
Kepler-161 c,,0.18682,
Kepler-363 d,,0.18682,
Kepler-244 c,,0.18682,
Kepler-337 c,,0.18682,
Kepler-1040 b,,0.186,
Kepler-1613 b,,0.186,
Kepler-602 b,,0.186,
Kepler-1188 b,,0.186,
Kepler-691 b,,0.186,
Kepler-296 d,,0.186,
Kepler-900 b,,0.186,
Kepler-1047 b,,0.186,
Kepler-528 b,,0.186,
Kepler-934 b,,0.186,
Kepler-1195 b,,0.186,
Kepler-230 c,,0.18591,
Kepler-365 b,,0.18591,
Kepler-48 d,0.024945,0.185906,
Kepler-654 b,,0.185,
Kepler-1092 b,,0.185,
Kepler-969 b,,0.185,
Kepler-1606 b,,0.185,
Kepler-477 b,,0.185,
Kepler-1396 b,,0.185,
Kepler-988 b,,0.185,
Kepler-195 b,,0.18499,
KOI-285 d,,0.1844,608
Kepler-343 c,,0.18408,
Kepler-185 c,,0.18408,
Kepler-958 b,,0.184,
Kepler-832 b,,0.184,
Kepler-913 b,,0.184,
KOI-1194.02,,0.184,
Kepler-1615 b,,0.184,
Kepler-449 b,,0.1834,
Kepler-260 b,,0.18317,
Kepler-270 b,,0.18317,
Kepler-280 c,,0.18317,
Kepler-81 c,,0.18317,
Kepler-868 b,,0.183,
Kepler-242 c,,0.18226,
Kepler-261 c,,0.18226,
Kepler-236 c,,0.18226,
Kepler-134 b,,0.18226,
Kepler-179 c,,0.18226,
Kepler-223 c,,0.18226,
Kepler-1122 b,,0.182,
Kepler-845 b,,0.182,
Kepler-136 c,,0.18135,
Kepler-243 c,,0.18135,
Kepler-181 c,,0.18135,
Kepler-341 e,,0.18135,
Kepler-142 b,,0.18135,
Kepler-98 b,0.011167,0.181349,
Kepler-37 d,,0.181349,
Kepler-761 b,,0.181,
Kepler-1268 b,,0.181,
Kepler-1461 b,,0.181,
Kepler-1155 b,,0.181,
Kepler-267 b,,0.18044,
Kepler-273 c,,0.18044,
Kepler-59 c,0.012848,0.180438,
Kepler-834 b,,0.18,
Kepler-833 b,,0.18,
EPIC 211913977 b,,0.18,
Kepler-1626 b,,0.18,
Kepler-1422 b,,0.18,
EPIC 201754305 b,,0.18,
Kepler-347 b,,0.17953,
Kepler-224 e,,0.17953,
Kepler-184 c,,0.17953,
Kepler-1105 b,,0.179,
Kepler-903 b,,0.179,
Kepler-1404 b,,0.179,
Kepler-754 b,,0.179,
Kepler-18 b,0.0217,0.179,1181.7
Kepler-349 c,,0.17862,
Kepler-174 b,,0.17862,
Kepler-342 c,,0.17862,
Kepler-298 b,,0.17862,
Kepler-118 b,,0.17862,
Kepler-1111 b,,0.178,
Kepler-579 b,,0.178,
Kepler-968 b,,0.178,
Kepler-872 b,,0.178,
Kepler-1144 b,,0.178,
Kepler-801 b,,0.178,
Kepler-1017 b,,0.178,
Kepler-526 b,,0.178,
Kepler-578 b,,0.178,
Kepler-625 b,,0.178,
Kepler-529 c,,0.178,
Kepler-1217 b,,0.178,
Kepler-296 c,,0.178,
Kepler-646 b,,0.178,
Kepler-1180 b,,0.178,
Kepler-1457 b,,0.178,
Kepler-62 d,,0.177704,510
Kepler-52 d,,0.1777,
Kepler-330 c,,0.1777,
Kepler-996 b,,0.177,
Kepler-1061 b,,0.177,
Kepler-1025 b,,0.177,
Kepler-1336 b,,0.177,
Kepler-83 d,,0.17679,
Kepler-962 b,,0.176,
Kepler-683 b,,0.176,
Kepler-1133 b,,0.176,
Kepler-231 c,,0.17588,
Kepler-298 c,,0.17588,
Kepler-329 c,,0.17588,
Kepler-1093 c,,0.175,
Kepler-737 b,,0.175,
Kepler-1460 b,,0.175,
Kepler-1127 b,,0.175,
Kepler-1392 b,,0.175,
Kepler-1556 b,,0.175,
Kepler-792 b,,0.175,
Kepler-973 b,,0.175,
Kepler-523 b,,0.175,
55 Cnc e,0.0254,0.1746,
Kepler-370 c,,0.17406,
Kepler-1093 b,,0.174,
EPIC 201629650 b,,0.174,511
Kepler-653 b,,0.174,
Kepler-196 b,,0.17315,
Kepler-349 b,,0.17315,
Kepler-158 c,,0.17315,
Kepler-804 b,,0.173,
Kepler-1348 b,,0.173,
Kepler-1384 b,,0.173,
Kepler-171 d,,0.17224,
Kepler-371 b,,0.17224,
Kepler-399 d,,0.17224,
Kepler-1343 b,,0.172,
Kepler-1238 b,,0.172,
Kepler-946 b,,0.172,
Kepler-878 b,,0.172,
Kepler-1232 b,,0.172,
Kepler-810 b,,0.172,
Kepler-291 c,,0.17132,
Kepler-137 c,,0.17132,
EPIC 206011691 c,,0.171,
Kepler-1119 b,,0.171,
KOI-3681.02,,0.171,
Kepler-1250 b,,0.171,
Kepler-299 e,,0.17041,
Kepler-1306 b,,0.17,
Kepler-753 b,,0.17,
EPIC 201338508 b,,0.17,
Kepler-1283 b,,0.17,
EPIC 211969807 b,,0.17,
Kepler-1596 b,,0.17,
Kepler-601 b,,0.17,
Kepler-1078 b,,0.17,
Kepler-1177 b,,0.17,
Kepler-524 b,,0.17,
Kepler-20 b,0.027,0.17,1092.1
Kepler-1121 b,,0.17,
Kepler-917 b,,0.17,
Kepler-1472 b,,0.17,
Kepler-265 b,,0.1695,
Kepler-299 d,,0.1695,
Kepler-191 c,,0.1695,
Kepler-1534 b,,0.169,
Kepler-634 b,,0.169,
Kepler-217 c,,0.16859,
Kepler-350 b,,0.16859,
Kepler-341 d,,0.16859,
Kepler-202 c,,0.16859,
Kepler-1644 b,,0.168,
Kepler-1382 b,,0.168,
Kepler-1305 b,,0.168,
Kepler-710 b,,0.168,
KOI-1781 b,,0.168,
Kepler-1454 b,,0.168,
Kepler-1221 b,,0.168,
Kepler-225 c,,0.16768,
Kepler-331 c,,0.16768,
Kepler-85 b,,0.16768,
Kepler-357 b,,0.16768,
Kepler-354 b,,0.16768,
Kepler-274 c,,0.16768,
Kepler-1032 b,,0.167,
Kepler-1638 b,,0.167,
Kepler-824 b,,0.167,
Kepler-1280 b,,0.167,
Kepler-110 b,,0.16677,
Kepler-440 b,,0.166,
Kepler-529 b,,0.166,
Kepler-1488 b,,0.166,
Kepler-1463 b,,0.166,
Kepler-331 b,,0.16586,
Kepler-283 c,,0.16586,
Kepler-113 b,0.036805,0.165857,
EPIC 201367065 c,,0.165,
Kepler-1509 b,,0.165,
Kepler-1135 b,,0.165,
Kepler-641 b,,0.165,
Kepler-948 b,,0.165,
Kepler-356 c,,0.16495,
Kepler-107 c,,0.16495,
Kepler-135 b,,0.16495,
Kepler-11 b,0.005977,0.164035,870.7
Kepler-140 c,,0.16403,
Kepler-148 b,,0.16403,
Kepler-1370 b,,0.164,
EPIC 201617985 b,,0.164,518
Kepler-1251 b,,0.164,
Kepler-1344 b,,0.164,
Kepler-825 c,,0.164,
Kepler-887 b,,0.164,
Kepler-1125 b,,0.164,
Kepler-366 c,,0.16312,
Kepler-204 c,,0.16312,
Kepler-272 c,,0.16312,
Kepler-376 c,,0.16312,
WASP-47 e,0.0384,0.1631,
Kepler-638 b,,0.163,
Kepler-1479 b,,0.163,
Kepler-1089 b,,0.163,
Kepler-371 c,,0.16221,
Kepler-772 b,,0.162,
Kepler-1225 b,,0.162,
Kepler-1262 b,,0.162,
Kepler-1413 b,,0.162,
Kepler-1292 b,,0.162,
Kepler-771 b,,0.162,
Kepler-294 b,,0.1613,
Kepler-286 e,,0.1613,
Kepler-321 b,,0.1613,
Kepler-270 c,,0.1613,
Kepler-82 d,,0.1613,
Kepler-206 c,,0.1613,
Kepler-215 c,,0.1613,
Kepler-296 f,,0.161,
Kepler-1353 b,,0.161,
Kepler-1327 b,,0.161,
Kepler-133 b,,0.16039,
Kepler-768 b,,0.16,
Kepler-1585 b,,0.16,
Kepler-769 c,,0.16,
Kepler-54 c,,0.15948,
Kepler-403 c,,0.15948,
Kepler-301 d,,0.15948,
Kepler-347 c,,0.15948,
Kepler-124 c,,0.15948,
Kepler-215 e,,0.15948,
Kepler-881 b,,0.159,
Kepler-1410 b,,0.159,
Kepler-1645 b,,0.159,
Kepler-883 b,,0.159,
Kepler-1544 b,,0.159,
Kepler-850 b,,0.159,
Kepler-1003 b,,0.159,
Kepler-260 c,,0.15857,
Kepler-80 d,,0.15857,
Kepler-33 b,,0.158566,1349.8
Kepler-904 b,,0.158,
Kepler-1189 b,,0.158,
Kepler-1389 b,,0.158,
Kepler-1260 b,,0.158,
Kepler-822 b,,0.158,
Kepler-1489 b,,0.158,
Kepler-1465 b,,0.158,
Kepler-327 d,,0.15766,
Kepler-238 b,,0.15766,
Kepler-231 b,,0.15766,
Kepler-1313 b,,0.157,
Kepler-916 b,,0.157,
Kepler-755 b,,0.157,
Kepler-888 b,,0.157,
Kepler-1062 b,,0.157,
Kepler-404 c,,0.15674,
Kepler-317 c,,0.15674,
Kepler-245 e,,0.156,
Kepler-430 c,,0.156,
Kepler-122 f,,0.156,
Kepler-939 b,,0.156,
Kepler-1100 b,,0.156,
Kepler-1279 b,,0.156,
Kepler-1243 b,,0.156,
Kepler-1516 b,,0.156,
Kepler-69 c,,0.1558328,299
Kepler-89 b,0.0330298,0.1558328,1486
Kepler-50 b,0.015963,0.155832,
Kepler-52 c,,0.15583,
Kepler-401 b,,0.15583,
Kepler-221 b,,0.15583,
Kepler-918 b,,0.155,
Kepler-615 b,,0.155,
Kepler-1375 b,,0.155,
Kepler-311 b,,0.15492,
Kepler-341 c,,0.15492,
Kepler-23 b,,0.15401,
Kepler-372 d,,0.15401,
Kepler-269 c,,0.15401,
Kepler-363 c,,0.15401,
Kepler-223 b,,0.15401,
Kepler-166 d,,0.154,
Kepler-1070 b,,0.154,
Kepler-1468 b,,0.154,
Kepler-1350 c,,0.154,
Kepler-1126 b,,0.154,
Kepler-1522 b,,0.154,
Kepler-1153 b,,0.154,
Kepler-1478 b,,0.154,
Kepler-1059 b,,0.154,
Kepler-1608 b,,0.154,
Kepler-188 b,,0.1531,
Kepler-1450 b,,0.153,
Kepler-1046 b,,0.153,
KOI-341 b,,0.153,
Kepler-1397 b,,0.153,
Kepler-927 b,,0.153,
Kepler-514 b,,0.153,
Kepler-1336 c,,0.153,
Kepler-1167 b,,0.153,
Kepler-560 b,,0.153,
Kepler-1002 b,,0.153,
Kepler-24 d,,0.15219,
Kepler-300 b,,0.15219,
Kepler-288 b,,0.15219,
Kepler-322 c,,0.15219,
Kepler-1320 b,,0.152,
Kepler-848 b,,0.152,
Kepler-830 b,,0.152,
Kepler-1138 b,,0.152,
Kepler-1210 b,,0.152,
Kepler-1115 b,,0.152,
Kepler-379 b,,0.15128,
Kepler-394 c,,0.15128,
Kepler-968 c,,0.151,
Kepler-1166 b,,0.151,
Kepler-1148 b,,0.151,
Kepler-619 c,,0.151,
Kepler-758 c,,0.151,
Kepler-853 b,,0.151,
Kepler-674 b,,0.151,
K2-35 c,,0.151,
Kepler-400 b,,0.15036,
Kepler-360 b,,0.15036,
Kepler-795 b,,0.15,
Kepler-851 b,,0.15,
CoRoT-7 b,0.0151,0.15,1666.1
Kepler-1511 b,,0.15,
Kepler-1391 b,,0.15,
Kepler-778 b,,0.15,
Kepler-844 b,,0.15,
KOI-1860.03,,0.15,
Kepler-1569 b,,0.15,
Kepler-1449 b,,0.15,
Kepler-1401 b,,0.15,
Kepler-130 d,,0.14945,
Kepler-247 b,,0.14945,
Kepler-331 d,,0.14945,
Kepler-46 d,,0.14945,793
Kepler-205 c,,0.14945,
Kepler-262 c,,0.14945,
Kepler-80 e,,0.14945,
Kepler-179 b,,0.14945,
Kepler-365 c,,0.14945,
Kepler-1476 b,,0.149,
Kepler-1480 b,,0.149,
Kepler-1252 b,,0.149,
Kepler-1123 b,,0.149,
Kepler-1143 b,,0.149,
Kepler-452 b,,0.148542,265
Kepler-208 b,,0.14854,
Kepler-323 c,,0.14854,
Kepler-319 b,,0.14854,
Kepler-253 b,,0.14854,
KOI-1576.03,,0.14854,640
Kepler-202 b,,0.14854,
Kepler-1418 b,,0.148,
Kepler-1464 b,,0.148,
Kepler-1497 b,,0.148,
Kepler-1291 b,,0.148,
Kepler-520 b,,0.148,
Kepler-1342 b,,0.148,
Kepler-213 b,,0.14763,
Kepler-215 b,,0.14763,
Kepler-9 d,0.022,0.147,1601.5
Kepler-1368 b,,0.147,
Kepler-611 b,,0.147,
Kepler-1330 b,,0.147,
Kepler-1530 c,,0.147,
Kepler-1106 b,,0.147,
Kepler-149 c,,0.14672,
Kepler-140 b,,0.14672,
Kepler-100 d,,0.14672,
Kepler-105 c,0.014483,0.14672,
Kepler-62 e,,0.14671977,270
Kepler-1073 c,,0.146,
Kepler-508 b,,0.146,
Kepler-1530 b,,0.146,
Kepler-1136 b,,0.146,
Kepler-764 b,,0.146,
Kepler-441 b,,0.146,
Kepler-1206 b,,0.146,
Kepler-1281 b,,0.146,
Kepler-1428 b,,0.146,
Kepler-394 b,,0.14581,
Kepler-49 d,,0.14581,
Kepler-21 b,,0.1456,
Kepler-1400 b,,0.145,
Kepler-1207 b,,0.145,
Kepler-633 b,,0.145,
Kepler-744 b,,0.145,
Kepler-1599 b,,0.145,
Kepler-992 b,,0.145,
Kepler-750 c,,0.145,
Kepler-1269 b,,0.145,
Kepler-1079 b,,0.145,
Kepler-866 b,,0.145,
Kepler-658 b,,0.145,
Kepler-370 b,,0.1449,
Kepler-256 b,,0.1449,
Kepler-200 c,,0.1449,
Kepler-55 d,,0.1449,
Kepler-55 f,,0.1449,
Kepler-382 c,,0.1449,
Kepler-1584 b,,0.144,
Kepler-1048 b,,0.144,
Kepler-1620 b,,0.144,
Kepler-1322 b,,0.144,
Kepler-296 b,,0.144,
EPIC 203826436 b,,0.144,
Kepler-1555 b,,0.144,
Kepler-1448 b,,0.144,
Kepler-1610 b,,0.144,
Kepler-126 c,,0.14399,
Kepler-386 c,,0.14399,
Kepler-111 b,,0.14399,
Kepler-445 b,,0.143986,
HD 219134 b,0.012,0.1433,
Kepler-236 b,,0.14307,
Kepler-356 b,,0.14307,
Kepler-249 d,,0.14307,
Kepler-220 c,,0.14307,
Kepler-207 b,,0.14307,
Kepler-1069 b,,0.143,
Kepler-1065 c,,0.143,
Kepler-1050 b,,0.143,
Kepler-994 b,,0.143,
Kepler-842 b,,0.143,
Kepler-1277 b,,0.143,
HD 3167 b,,0.1423,
Kepler-107 b,,0.14216,
Kepler-190 b,,0.14216,
Kepler-309 b,,0.14216,
Kepler-49 e,,0.14216,
Kepler-402 c,,0.14216,
EPIC 206011691 b,,0.142,
Kepler-504 b,,0.142,
Kepler-1174 b,,0.142,
Kepler-928 b,,0.142,
Kepler-1131 b,,0.142,
Kepler-57 c,0.007759,0.141252,
Kepler-226 b,,0.14125,
Kepler-55 e,,0.14125,
Kepler-255 b,,0.14125,
Kepler-364 b,,0.14125,
Kepler-195 c,,0.14125,
Kepler-132 d,,0.14125,
Kepler-784 b,,0.141,
Kepler-1346 b,,0.141,
Kepler-1523 b,,0.141,
Kepler-1072 b,,0.141,
Kepler-1633 b,,0.141,
Kepler-160 b,,0.14034,
Kepler-274 b,,0.14034,
Kepler-337 b,,0.14034,
Kepler-974 b,,0.14,
Kepler-1181 b,,0.14,
Kepler-542 b,,0.14,
Kepler-823 b,,0.14,
Kepler-54 d,,0.13943,
Kepler-120 c,,0.13943,
Kepler-147 b,,0.13943,
Kepler-228 b,,0.13943,
Kepler-1317 b,,0.139,
Kepler-1426 b,,0.139,
Kepler-1501 b,,0.139,
Kepler-1433 b,,0.139,
Kepler-338 e,0.027,0.139,
Kepler-306 b,,0.13852,
Kepler-326 b,,0.13852,
Kepler-126 b,,0.13852,
Kepler-348 b,,0.13852,
Kepler-1466 b,,0.138,
Kepler-1340 b,,0.138,
Kepler-1165 b,,0.138,
Kepler-1295 b,,0.138,
Kepler-1282 b,,0.138,
Kepler-1064 b,,0.138,
Kepler-1254 b,,0.138,
EPIC 204221263 b,0.0378,0.138,
Kepler-36 b,0.01346359,0.13778,978.8
Kepler-389 b,,0.13761,
Kepler-205 b,,0.13761,
Kepler-249 c,,0.13761,
Kepler-194 b,,0.13761,
Kepler-1287 b,,0.137,
Kepler-895 b,,0.137,
Kepler-1006 b,,0.137,
Kepler-1592 b,,0.137,
Kepler-1228 b,,0.137,
Kepler-114 c,,0.1367,
Kepler-246 c,,0.1367,
Kepler-273 b,,0.1367,
Kepler-180 b,,0.1367,
Kepler-207 c,,0.1367,
Kepler-446 b,,0.136695,
Kepler-1289 b,,0.136,
Kepler-1483 b,,0.136,
Kepler-198 d,,0.136,
Kepler-1257 b,,0.136,
Kepler-1571 b,,0.136,
Kepler-1557 b,,0.136,
Kepler-990 c,,0.136,
Kepler-1586 b,,0.136,
Kepler-296 e,,0.136,
Kepler-825 b,,0.136,
Kepler-758 e,,0.136,
Kepler-886 b,,0.136,
Kepler-1356 b,,0.136,
Kepler-1323 b,,0.136,
Kepler-1220 b,,0.136,
Kepler-400 c,,0.13578,
Kepler-174 c,,0.13578,
EPIC 201367065 d,,0.135,
Kepler-828 b,,0.135,
Kepler-1209 b,,0.135,
Kepler-1324 b,,0.135,
Kepler-1194 b,,0.135,
Kepler-1491 b,,0.135,
Kepler-1191 b,,0.135,
Kepler-97 b,0.011041,0.134873,
Kepler-99 b,0.019346,0.134873,
Kepler-208 e,,0.13487,
Kepler-218 b,,0.13487,
Kepler-123 c,,0.13487,
Kepler-65 d,,0.1344,
Kepler-154 e,,0.134,
Kepler-154 f,,0.134,
Kepler-598 b,,0.134,
Kepler-915 b,,0.134,
Kepler-1005 b,,0.134,
Kepler-10 b,0.010475,0.133962,2169
Kepler-292 c,,0.13396,
Kepler-137 b,,0.13396,
Kepler-389 c,,0.13305,
Kepler-366 b,,0.13305,
Kepler-168 b,,0.13305,
Kepler-355 b,,0.13305,
Kepler-190 c,,0.13305,
Kepler-402 e,,0.13305,
Kepler-1256 b,,0.133,
Kepler-898 b,,0.133,
Kepler-1614 b,,0.133,
Kepler-1492 b,,0.133,
Kepler-1063 b,,0.133,
Kepler-1582 b,,0.133,
Kepler-362 c,,0.13214,
Kepler-361 b,,0.13214,
Kepler-375 b,,0.13214,
Kepler-280 b,,0.13214,
Kepler-167 b,,0.13214,
Kepler-1050 c,,0.132,
Kepler-975 b,,0.132,
Kepler-760 c,,0.132,
Kepler-1275 b,,0.132,
Kepler-1271 b,,0.132,
Kepler-93 b,0.0126,0.1319,
Kepler-203 d,,0.13123,
Kepler-909 b,,0.131,
Kepler-1198 b,,0.131,
Kepler-777 b,,0.131,
Kepler-1485 b,,0.131,
Kepler-1622 b,,0.131,
Kepler-1431 b,,0.131,
Kepler-1564 b,,0.131,
KOI-1860.04,,0.131,
Kepler-1142 b,,0.131,
Kepler-323 b,,0.13032,
Kepler-311 c,,0.13032,
Kepler-272 b,,0.13032,
Kepler-334 c,,0.13032,
Kepler-399 c,,0.13032,
Kepler-176 b,,0.13032,
Kepler-406 b,0.019975,0.130316,
Kepler-515 b,,0.13,
Kepler-808 b,,0.13,
Kepler-1039 b,,0.13,
Kepler-1355 b,,0.13,
Kepler-1528 b,,0.13,
EPIC 220674823 b,,0.13,
Kepler-1108 b,,0.13,
Kepler-1439 b,,0.13,
Kepler-1019 b,,0.13,
Kepler-157 d,,0.13,
Kepler-1091 b,,0.13,
Kepler-339 b,,0.12941,
Kepler-1335 b,,0.129,
Kepler-936 b,,0.129,
Kepler-1226 b,,0.129,
Kepler-176 e,,0.129,
Kepler-62 f,,0.12849371,208
Kepler-187 b,,0.12849,
Kepler-141 c,,0.12849,
Kepler-237 b,,0.12849,
Kepler-334 d,,0.12849,
Kepler-164 b,,0.12849,
Kepler-369 c,,0.12849,
Kepler-1380 b,,0.128,
Kepler-1310 b,,0.128,
Kepler-1302 b,,0.128,
Kepler-1007 b,,0.128,
Kepler-1259 b,,0.128,
Kepler-1218 b,,0.128,
Kepler-605 b,,0.128,
Kepler-1149 b,,0.128,
Kepler-876 b,,0.128,
Kepler-1366 b,,0.128,
Kepler-1245 b,,0.128,
Kepler-1245 c,,0.128,
Kepler-773 b,,0.128,
Kepler-186 d,,0.127582,
Kepler-326 c,,0.12758,
Kepler-127 b,,0.12758,
Kepler-329 b,,0.12758,
Kepler-403 d,,0.127,
Kepler-1274 b,,0.127,
Kepler-1075 b,,0.127,
Kepler-1088 b,,0.127,
Kepler-1290 b,,0.127,
Kepler-1303 b,,0.127,
Kepler-922 b,,0.127,
Kepler-1231 b,,0.127,
Kepler-208 c,,0.12667,
Kepler-377 b,,0.12667,
Kepler-224 b,,0.12667,
Kepler-386 b,,0.12667,
Kepler-1383 b,,0.126,
Kepler-905 b,,0.126,
Kepler-537 b,,0.126,
Kepler-1604 b,,0.126,
Kepler-1205 b,,0.126,
Kepler-1493 b,,0.126,
Kepler-1471 b,,0.126,
Kepler-353 c,,0.12576,
Kepler-402 d,,0.12576,
Kepler-84 d,,0.12576,
Kepler-65 b,,0.1257,
Kepler-1145 b,,0.125,
Kepler-770 d,,0.125,
Kepler-1229 b,,0.125,
Kepler-1301 b,,0.125,
Kepler-240 b,,0.12485,
Kepler-286 c,,0.12485,
Kepler-320 c,,0.12485,
Kepler-167 c,,0.12485,
Kepler-1394 b,,0.124,
Kepler-1216 b,,0.124,
Kepler-295 d,,0.12394,
Kepler-262 b,,0.12394,
Kepler-372 b,,0.12394,
Kepler-373 b,,0.12394,
Kepler-301 b,,0.12303,
Kepler-301 c,,0.12303,
Kepler-144 c,,0.12303,
Kepler-330 b,,0.12303,
Kepler-446 d,,0.123026,
Kepler-629 b,,0.123,
Kepler-923 b,,0.123,
Kepler-1315 b,,0.123,
Kepler-1120 b,,0.123,
Kepler-914 b,,0.123,
Kepler-285 b,,0.12211,
Kepler-191 b,,0.12211,
Kepler-901 b,,0.122,
Kepler-1332 b,,0.122,
Kepler-932 b,,0.122,
Kepler-1437 b,,0.122,
Kepler-1300 b,,0.122,
Kepler-793 b,,0.122,
KOI-5800.01,,0.1213,
Kepler-393 c,,0.1212,
Kepler-286 d,,0.1212,
Kepler-251 b,,0.1212,
Kepler-144 b,,0.1212,
Kepler-348 c,,0.1212,
Kepler-220 e,,0.1212,
Kepler-997 b,,0.121,
Kepler-1246 b,,0.121,
Kepler-757 b,,0.121,
Kepler-1459 b,,0.121,
Kepler-100 b,0.0231,0.120292,
Kepler-395 c,,0.12029,
Kepler-292 b,,0.12029,
Kepler-299 b,,0.12029,
Kepler-382 b,,0.12029,
Kepler-157 b,,0.12029,
Kepler-383 b,,0.12029,
Kepler-333 b,,0.12029,
Kepler-1319 b,,0.12,
Kepler-1114 b,,0.12,
Kepler-1244 b,,0.12,
Kepler-1532 b,,0.12,
Kepler-1602 b,,0.12,
Kepler-442 b,,0.12,
Kepler-1107 b,,0.12,
EPIC 211970147 b,,0.12,
Kepler-1265 b,,0.12,
Kepler-1631 b,,0.12,
Kepler-935 b,,0.12,
Kepler-90 b,,0.119381,
Kepler-62 b,,0.1193806,750
Kepler-374 d,,0.11938,
Kepler-354 c,,0.11938,
Kepler-1028 b,,0.119,
Kepler-1508 b,,0.119,
Kepler-1190 b,,0.119,
Kepler-707 b,,0.119,
Kepler-1587 b,,0.119,
Kepler-1498 b,,0.119,
Kepler-931 b,,0.119,
Kepler-1224 b,,0.119,
Kepler-1253 b,,0.119,
Kepler-1185 b,,0.119,
Kepler-367 b,,0.11847,
Kepler-603 d,,0.118,
Kepler-217 d,,0.118,
Kepler-1156 b,,0.118,
Kepler-617 b,,0.118,
Kepler-255 d,,0.118,
Kepler-1506 b,,0.118,
Kepler-1179 b,,0.118,
Kepler-1193 b,,0.118,
EPIC 201713348 b,,0.118,
Kepler-211 c,,0.11756,
Kepler-173 b,,0.11756,
Kepler-393 b,,0.11756,
Kepler-312 b,,0.11756,
Kepler-1575 b,,0.117,
Kepler-821 b,,0.117,
Kepler-1623 b,,0.117,
Kepler-1436 b,,0.117,
Kepler-1441 b,,0.117,
Kepler-1298 b,,0.117,
Kepler-1254 d,,0.117,
Kepler-235 c,,0.11665,
Kepler-132 c,,0.11665,
Kepler-1098 b,,0.116,
Kepler-796 b,,0.116,
Kepler-1379 b,,0.116,
Kepler-507 b,,0.116,
Kepler-1568 b,,0.116,
Kepler-1254 c,,0.116,
Kepler-404 b,,0.11574,
Kepler-85 e,,0.11574,
Kepler-380 c,,0.11574,
Kepler-181 b,,0.11574,
Kepler-186 e,,0.115735,
Kepler-1415 b,,0.115,
Kepler-1429 b,,0.115,
Kepler-1574 b,,0.115,
Kepler-1603 b,,0.115,
Kepler-1012 b,,0.115,
Kepler-211 b,,0.11482,
Kepler-114 b,,0.11482,
Kepler-134 c,,0.11482,
Kepler-162 b,,0.11482,
KOI-1843.01,,0.114,
Kepler-1037 b,,0.114,
Kepler-776 b,,0.114,
Kepler-1124 b,,0.114,
Kepler-1357 b,,0.114,
Kepler-1008 b,,0.114,
Kepler-1420 b,,0.114,
Kepler-787 b,,0.114,
Kepler-445 d,,0.113913,
Kepler-150 b,,0.11391,
Kepler-403 b,,0.11391,
Kepler-169 d,,0.11391,
Kepler-1370 c,,0.113,
Kepler-352 c,,0.113,
Kepler-1372 b,,0.113,
Kepler-286 b,,0.113,
Kepler-732 c,,0.113,
Kepler-831 b,,0.113,
Kepler-354 d,,0.113,
Kepler-383 c,,0.113,
Kepler-1591 b,,0.113,
Kepler-373 c,,0.113,
Kepler-252 b,,0.11209,
Kepler-197 c,,0.11209,
Kepler-101 c,,0.112,
Kepler-1618 b,,0.112,
Kepler-1074 b,,0.112,
Kepler-1029 b,,0.112,
Kepler-1440 b,,0.112,
Kepler-1197 b,,0.112,
Kepler-826 b,,0.112,
Kepler-755 c,,0.112,
Kepler-1377 b,,0.112,
Kepler-1399 b,,0.112,
Kepler-1363 b,,0.112,
Kepler-466 c,,0.112,
Kepler-295 b,,0.11118,
Kepler-226 d,,0.11118,
Kepler-197 d,,0.11118,
Kepler-402 b,,0.11118,
Kepler-1311 b,,0.111,
Kepler-1096 b,,0.111,
Kepler-1386 b,,0.111,
KOI-314 c,0.002013,0.11045,376
Kepler-189 b,,0.11027,
Kepler-326 d,,0.11027,
Kepler-169 c,,0.11027,
Kepler-81 d,,0.11027,
Kepler-132 b,,0.11027,
Kepler-1104 b,,0.11,
Kepler-1481 b,,0.11,
Kepler-1595 b,,0.11,
Kepler-1055 b,,0.11,
Kepler-80 f,,0.11,
Kepler-1146 b,,0.11,
Kepler-884 b,,0.11,
Kepler-882 b,,0.11,
Kepler-1414 b,,0.11,
Kepler-1646 b,,0.11,
Kepler-225 b,,0.10936,
Kepler-208 d,,0.10936,
Kepler-85 d,,0.10936,
Kepler-282 c,,0.10936,
Kepler-367 c,,0.10936,
Kepler-345 c,,0.10936,
Kepler-206 b,,0.10936,
KIC 8435766 b,0.005882,0.109356,
KOI-314 b,0.006197,0.109083,446
Kepler-1215 b,,0.109,
Kepler-908 b,,0.109,
Kepler-1223 b,,0.109,
Kepler-763 b,,0.109,
Kepler-1311 c,,0.109,
Kepler-380 b,,0.10845,
Kepler-310 b,,0.10845,
Kepler-206 d,,0.10845,
Kepler-409 b,,0.108445,
Kepler-90 c,,0.108445,
Kepler-1095 b,,0.108,
KOI-1194 b,,0.108,
Kepler-1284 b,,0.108,
Kepler-743 b,,0.108,
Kepler-102 d,0.011954,0.107534,
Kepler-332 d,,0.10753,
Kepler-341 b,,0.10753,
Kepler-1573 b,,0.107,
Kepler-1617 b,,0.107,
Kepler-304 e,,0.107,
Kepler-770 c,,0.107,
Kepler-907 b,,0.107,
Kepler-1500 b,,0.107,
Kepler-295 c,,0.10662,
Kepler-185 b,,0.10662,
Kepler-332 b,,0.10662,
Kepler-339 d,,0.10662,
Kepler-1565 b,,0.106,
Kepler-1276 b,,0.106,
Kepler-775 b,,0.106,
Kepler-953 c,,0.106,
Kepler-1213 b,,0.106,
Kepler-1499 b,,0.106,
Kepler-953 c,,0.106,
Kepler-1139 b,,0.106,
Kepler-1473 b,,0.106,
GJ 1132 b,0.005096,0.105711,
Kepler-316 c,,0.10571,
Kepler-135 c,,0.10571,
Kepler-363 b,,0.10571,
Kepler-1390 b,,0.105,
Kepler-847 b,,0.105,
Kepler-1248 b,,0.105,
Kepler-1430 b,,0.105,
Kepler-1477 b,,0.105,
Kepler-1512 b,,0.105,
Kepler-1537 b,,0.105,
Kepler-132 e,,0.105,
Kepler-1264 b,,0.105,
Kepler-339 c,,0.1048,
Kepler-647 b,,0.104,
Kepler-1035 b,,0.104,
Kepler-303 c,,0.10389,
Kepler-320 b,,0.10389,
Kepler-324 b,,0.10389,
Kepler-1468 c,,0.103,
Kepler-1240 b,,0.103,
Kepler-1424 b,,0.103,
Kepler-1541 b,,0.103,
Kepler-1373 b,,0.103,
Kepler-1553 b,,0.103,
Kepler-1199 b,,0.103,
Kepler-128 b,0.00409,0.10298,
Kepler-128 c,0.00472,0.10298,
Kepler-384 c,,0.10298,
Kepler-169 b,,0.10298,
Kepler-369 b,,0.10298,
Kepler-250 b,,0.10298,
TRAPPIST-1 g,0.004215,0.102704,198.6
Kepler-381 c,,0.10207,
Kepler-285 c,,0.10207,
Kepler-384 b,,0.10207,
Kepler-334 b,,0.10207,
Kepler-1590 b,,0.102,
Kepler-1456 b,,0.102,
Kepler-804 c,,0.102,
Kepler-1263 b,,0.102,
EPIC 201505350 d,,0.102,
Kepler-806 b,,0.102,
Kepler-446 c,,0.101155,
Kepler-327 b,,0.10115,
Kepler-124 d,,0.10115,
Kepler-333 c,,0.10115,
Kepler-887 c,,0.101,
Kepler-1577 b,,0.101,
Kepler-59 b,0.003828,0.100243,
Kepler-32 e,,0.10024,
Kepler-374 c,,0.10024,
Kepler-392 c,,0.10024,
Kepler-756 b,,0.1,
Kepler-1288 b,,0.1,
Kepler-1358 b,,0.1,
Kepler-1164 b,,0.1,
Kepler-1082 b,,0.1,
Kepler-438 b,,0.1,
Kepler-332 c,,0.09933,
Kepler-212 b,,0.09933,
Kepler-249 b,,0.09933,
Kepler-115 b,,0.09933,
Kepler-186 f,,0.099027744,
Kepler-431 d,,0.099,
Kepler-929 b,,0.099,
Kepler-1531 b,,0.099,
Kepler-1117 b,,0.099,
Kepler-1084 b,,0.099,
Kepler-1434 b,,0.099,
Kepler-746 b,,0.099,
TRAPPIST-1 b,0.002674,0.098967,400.1
Kepler-1406 b,,0.098,
Kepler-1427 b,,0.098,
Kepler-107 d,,0.09751,
Kepler-376 b,,0.09751,
Kepler-26 d,,0.09751,
Kepler-186 c,,0.097509,
Kepler-186 b,,0.097509,
Kepler-407 b,,0.097509,
Kepler-889 b,,0.097,
Kepler-1157 b,,0.097,
Kepler-1561 b,,0.097,
Kepler-1589 b,,0.097,
Kepler-316 b,,0.0966,
K2-35 b,,0.0964,
TRAPPIST-1 c,0.004341,0.096234,341.9
Kepler-1605 b,,0.096,
Kepler-163 b,,0.09569,
TRAPPIST-1 f,0.002139,0.095231,219
Kepler-1597 b,,0.095,
Kepler-1203 b,,0.095,
Kepler-1423 b,,0.095,
Kepler-1594 b,,0.095,
Kepler-1570 b,,0.095,
Kepler-520 c,,0.095,
Kepler-1178 b,,0.095,
Kepler-1200 b,,0.095,
Kepler-1470 b,,0.095,
Kepler-1376 b,,0.094,
Kepler-1331 b,,0.094,
Kepler-625 c,,0.094,
Kepler-327 c,,0.09386,
Kepler-395 b,,0.09386,
Kepler-374 b,,0.09386,
Kepler-387 b,,0.09386,
Kepler-1578 b,,0.093,
Kepler-20 f,,0.093,706
Kepler-1576 b,,0.093,
Kepler-1409 b,,0.093,
Kepler-130 b,,0.09295,
Kepler-197 b,,0.09295,
Kepler-336 b,,0.09295,
Kepler-398 c,,0.09204,
Kepler-282 b,,0.09204,
Kepler-322 b,,0.09204,
Kepler-1612 b,,0.092,
Kepler-1398 c,,0.092,
Kepler-1163 b,,0.092,
Kepler-1347 b,,0.092,
Earth,0.003145701,0.091130294,
Kepler-271 c,,0.09113,
Kepler-392 b,,0.09113,
Kepler-1616 b,,0.091,
Kepler-192 d,,0.091,
Kepler-1150 b,,0.091,
Kepler-381 b,,0.09022,
Kepler-1482 b,,0.09,
Kepler-1081 b,,0.09,
Kepler-1278 b,,0.09,
Kepler-220 d,,0.08931,
Kepler-1417 b,,0.089,
Kepler-1464 c,,0.089,
Kepler-969 c,,0.088,
Kepler-1047 c,,0.088,
Kepler-399 b,,0.08749,
Kepler-1053 b,,0.087,
Kepler-1293 b,,0.087,
Kepler-1328 b,,0.087,
Kepler-1285 b,,0.087,
Kepler-1443 b,,0.087,
Kepler-1297 b,,0.087,
Kepler-106 d,,0.086574,
Venus,0.00256374,0.08656491,
Kepler-1445 b,,0.086,
Kepler-524 c,,0.086,
Kepler-1049 b,,0.085,
Kepler-1598 b,,0.085,
Kepler-68 c,0.015,0.085,
Kepler-398 b,,0.08475,
Kepler-1438 b,,0.084,
Kepler-1169 b,,0.084,
Kepler-1425 b,,0.084,
Kepler-1572 b,,0.084,
Kepler-119 c,,0.08384,
Alpha Centauri B c,,0.08384,
TRAPPIST-1 e,0.00195,0.083658,251.3
Kepler-1421 b,,0.083,
Kepler-1505 b,,0.083,
Kepler-1387 b,,0.083,
Kepler-197 e,,0.08293,
Kepler-1365 b,,0.082,
Kepler-1367 b,,0.082,
Kepler-779 b,,0.082,
Kepler-1338 b,,0.082,
Kepler-1607 b,,0.082,
Kepler-387 c,,0.08111,
Kepler-303 b,,0.08111,
Kepler-271 b,,0.08111,
Kepler-353 b,,0.08111,
Kepler-1296 b,,0.081,
Kepler-1525 b,,0.081,
Kepler-102 f,,0.080195,
Kepler-362 b,,0.08019,
Kepler-1398 b,,0.08,
Kepler-1547 b,,0.08,
Kepler-20 e,,0.0791,1040
Kepler-1027 b,,0.079,
Kepler-398 d,,0.079,
Kepler-342 e,,0.079,
Kepler-1637 b,,0.079,
Kepler-1416 b,,0.079,
Kepler-780 b,,0.079,
Kepler-1408 b,,0.079,
Kepler-1352 b,,0.079,
Kepler-1560 b,,0.079,
Kepler-1173 b,,0.079,
Kepler-352 b,,0.07837,
Kepler-388 c,,0.07837,
Kepler-1152 b,,0.078,
Kepler-607 b,,0.078,
Kepler-1031 b,,0.078,
Kepler-1542 d,,0.078,
KOI-55 c,0.0021,0.078,6319.1
Kepler-406 c,0.008525,0.077461,
Kepler-1435 b,,0.077,
Kepler-605 c,,0.077,
Kepler-1258 b,,0.077,
Kepler-1361 b,,0.077,
Kepler-131 c,0.025952,0.076549,
Kepler-1385 b,,0.076,
Kepler-314 b,,0.07564,
Kepler-1579 b,,0.075,
Kepler-1507 b,,0.075,
Kepler-390 b,,0.07473,
Kepler-106 b,,0.074727,
Kepler-450 d,,0.0747,
Kepler-1412 b,,0.074,
Kepler-220 b,,0.07382,
Kepler-388 b,,0.07382,
Kepler-910 b,,0.073,
Kepler-1141 b,,0.073,
Kepler-1446 b,,0.073,
KOI-1612.01,,0.073,
Kepler-1601 b,,0.073,
Kepler-32 f,,0.0729,
Kepler-1611 b,,0.072,
Kepler-390 c,,0.07199,
Kepler-42 b,,0.07108,
KOI-1843.02,,0.071,
Kepler-1365 c,,0.071,
Kepler-1395 b,,0.071,
Kepler-1067 b,,0.071,
Kepler-1393 b,,0.071,
Kepler-1130 b,,0.071,
Kepler-1581 b,,0.071,
Kepler-1076 b,,0.071,
TRAPPIST-1 d,0.00129,0.070353,288
Kepler-783 b,,0.07,
Kepler-1235 b,,0.07,
Kepler-1566 b,,0.07,
Kepler-653 c,,0.07,
Kepler-1222 b,,0.07,
Kepler-1629 b,,0.069,
TRAPPIST-1 h,,0.068803,168
Kepler-378 b,,0.06835,
Kepler-431 b,,0.0682,
Kepler-1402 b,,0.068,
Kepler-1588 b,,0.068,
Kepler-1619 b,,0.068,
Kepler-1542 b,,0.068,
Kepler-1542 e,,0.068,
KOI-55 b,0.0014,0.068,7112
Kepler-444 f,,0.067528,
Kepler-345 b,,0.06744,
Kepler-125 c,,0.06744,
Kepler-1563 b,,0.067,
Kepler-124 b,,0.06653,
Kepler-42 c,,0.0665,
Kepler-37 c,,0.0662,
Kepler-1371 b,,0.065,
Kepler-1559 b,,0.064,
Kepler-378 c,,0.06379,
Kepler-1339 b,,0.063,
Kepler-141 b,,0.06288,
Kepler-1349 b,,0.062,
Kepler-1558 b,,0.061,
Gliese 436 c,0.000880796,0.06014599,813.5
Kepler-431 c,,0.0596,
Kepler-271 d,,0.059,
Kepler-1351 b,,0.058,
Kepler-1542 c,,0.058,
Kepler-1371 c,,0.057,
KOI-1843.03,0.0014,0.054,
Kepler-1583 b,,0.054,
Kepler-1087 b,,0.054,
Kepler-102 c,,0.052856,
Kepler-42 d,,0.0519,
Kepler-444 e,,0.049757,
Kepler-62 c,,0.049210359,578
Mars,0.000337995,0.048489079,
Kepler-444 d,,0.048299,
Kepler-138 b,0.000208,0.04757,
Kepler-1308 b,,0.046,
Kepler-444 c,,0.045292,
Kepler-102 b,,0.042831,
Kepler-444 b,,0.036726,
Mercury,0.000173874,0.034901518,
Kepler-37 b,0.00875,0.027,5417
Pluto,7.76E-06,0.0164379,
KOI-115.03,,0.0023,
HD 143761 b,1.045,,
HD 143761 c,0.079,,
GJ 160.2 b,0.0321,,
HD 240210 b,5.21,,
OGLE-05-390L b,0.017,,
HD 4203 b,1.82,,263.9
HD 4203 c,2.17,,
HD 179079 b,0.08,,925
HD 187123 b,0.5074,,
HD 187123 c,1.818,,
HD 114729 A b,0.84,,
HD 164595 b,0.051,,
38 Vir b,4.51,,
HIP 11952 b,2.93,,372.6
HIP 11952 c,0.78,,1263.2
HD 122430 b,3.71,,868.8
Gliese 86 b,3.91,,
HD 145377 b,5.76,,
HD 75289 A b,0.42,,
HD 5608 b,1.4,,
HD 68988 b,1.9,,1017.7
HD 183263 b,3.635,,
HD 183263 c,6.9,,
HD 154672 b,5.02,,357.1
beta Ursae Minoris b,6.1,,
HD 2952 b,1.6,,
KOI-1299 c,2.43,,
Rho Coronae Borealis b,169.7,,
Gliese 3634 b,0.022,,565.4
HD 156279 b,9.71,,327.8
HD 12661 b,2.3,,291.4
HD 12661 c,1.57,,167.5
HD 128311 b,1.83,,177.7
HD 128311 c,3.2,,140.7
HD 72892 b,5.45,,
WASP-138 b,1.22,,
HD 175167 b,7.8,,154
Kepler-94 c,9.83346,,
TYC 3667-1280-1 b,5.4,,
HD 202206 b,17.4,,277.6
HD 202206 c,2.44,,159.6
HD 131664 b,85.2,,
OGLE-2015-BLG-0954L b,4.4,,
HD 9174 b,1.11,,
HD 66428 b,3.194,,
Gliese 3293 b,0.076,,
Gliese 3293 d,0.07,,
Gliese 3293 c,0.027,,
HD 27631 b,1.45,,137.7
CHXR 73 b,12,,
KMT-2015-1 b,2.2,,
OGLE-2012-BLG-0950L b,0.11,,
NY Virginis (AB) b,2.3,,
HD 219077 b,10.39,,124.9
HW Vir (AB) b,14.3,,
HD 215152 b,0.0087,,704.7
HD 215152 c,0.0097,,615.3
18 Del b,10.3,,
HD 210702 b,1.9,,
HD 165155 b,2.89,,
HD 210277 b,1.23,,240.3
HIP 67537 b,11.1,,
Gliese 15 A b,0.01683,,
HD 330075 b,0.62,,1023.2
Kepler-25 d,0.282798,,
HD 102956 b,0.96,,1642.2
BD+49 828 b,1.6,,
HD 66141 b,6,,801.4
HD 176051 b,1.5,,
2MASS 0122-2439 B,,,
HD 9446 b,0.7,,586.1
HD 9446 c,1.82,,315.8
HD 125612 b,3,,224.5
HD 125612 c,0.058,,1186
HD 125612 d,7.2,,129.4
HR 810 b,2.26,,373.3
HD 4732 b,2.37,,
HD 4732 c,2.37,,
HD 1666 b,6.43,,
HD 10442 b,2.1,,
HD 68402 b,3.07,,
CFBDS 1458 b,6.5,,
MOA-2007-BLG-400-L b,0.9,,104.6
HD 1461 b,0.0239,,1054.8
HD 1461 c,0.0186,,795.9
BD-08 2823 b,0.045,,
BD-08 2823 c,0.33,,
Gliese 876 b,2.6697,,
Gliese 876 c,0.8429,,
Gliese 876 d,0.0217,,
Gliese 876 e,0.05399,,
HD 117618 b,0.178,,664.2
HD 117618.02,0.2,,
GJ 682 b,0.014,,
GJ 682 c,0.027,,
HD 154857 b,2.24,,336
HD 154857 c,2.58,,
HD 6718 b,1.56,,135.5
VHS 1256-1257 b,11.2,,880
Kapteyn b,0.015099,,
Kapteyn c,0.02202,,
MOA-2008-BLG-379L b,4.1,,
HIP 65891 b,6,,
HD 63454 b,0.38,,926.7
HD 4113 b,1.56,,218.9
83 Leonis B b,0.087,,
83 Leonis B c,0.36,,
HIP 5158 b,1.44,,168.8
HIP 5158 c,15.04,,
MOA-2010-BLG-353L b,0.23,,
HD 173416 b,2.7,,702.5
Kepler-454 c,4.46,,
Kepler-454 d,,,
HD 13189 b,14,,442.7
KOI-372 c,0.3194,,
FU Tau B,15,,2375
ROXs 42 B b,10,,
HD 73534 b,1.15,,200.2
HD 178911 B b,6.292,,469.8
HD 65216 b,1.21,,193.9
HD 65216 c,2.24,,
DP Leo b,6.05,,
HD 216435 b,1.26,,224.7
HD 11964 A b,0.622,,
HD 11964 A c,0.079,,
Gamma Leonis b,8.78,,
HD 27894 b,0.62,,548.8
HD 129445 b,1.6,,151.1
HD 33283 b,0.33,,695.7
HD 30669 b,0.47,,
Gliese 221 b,0.13,,
Gliese 221 c,0.0196,,
HD 181720 b,0.37,,225
HD 16417 b,0.069,,875.5
HD 69830 b,0.033,,801.2
HD 69830 c,0.038,,520.3
HD 69830 d,0.058,,282.9
HD 23596 b,8.1,,220
Gliese 433 b,0.0167,,416.2
Gliese 433 c,0.1416,,
HD 67087 b,3.06,,
HD 67087 c,4.85,,
HD 43691 b,2.49,,762.5
HD 46375 A b,0.249,,1132
HD 147018 b,2.12,,481.2
HD 147018 c,6.56,,171.9
EPIC 204129699 b,1.774,,
HD 136418 b,2,,357.4
HD 98219 b,1.8,,419.8
HD 25171 b,0.95,,169.7
HD 109271 b,0.054,,1076
HD 109271 c,0.076,,684.9
MOA-2010-BLG-477L b,1.5,,120.7
HD 180314 b,22,,553.4
HD 217107 b,1.4135,,
HD 217107 c,4.513,,
FW Tau b,10,,
HD 153950 b,2.73,,
HD 204941 b,0.266,,117.2
11 Com b,19.4,,
HD 96167 b,0.68,,293.2
NGC 4349 No 127 b,19.8,,599.9
HD 101930 b,0.3,,385.4
LkCa 15 b,6,,
HD 13808 b,0.0325,,617.8
HD 13808 c,0.036,,391.9
HD 175607 b,0.0283,,
HD 175607 c,0.11,,
HIP 63242 b,9.18,,
HD 113337 b,2.83,,
HD 142245 b,1.9,,292.8
iota Draconis b,8.82,,598.2
HD 113538 b,0.36,,
HD 113538 c,0.93,,
HD 102117 b,0.172,,719.6
HIP 74890 b,2.4,,
HD 166724 b,3.53,,
HD 147513 A b,1.21,,
HD 89307 b,2,,146.5
HIP 68468 b,0.011,,
HIP 68468 c,0.094,,
HD 114762 b,10.98,,486.8
HD 33142 b,1.3,,442.1
2M 1938+4603 b,1.9,,
HD 45364 b,0.1872,,273.1
HD 45364 c,0.6579,,238.3
BD-10 3166 b,0.408,,
omi CrB b,1.5,,
TAP 26 b,1.73,,
HD 984 b,65,,2730
HD 219134 c,0.011,,
HD 219134 d,0.028,,
HD 219134 e,0.067,,
HD 219134 f,0.034,,
HD 219134 g,0.34,,
61 Vir b,0.016,,
61 Vir c,0.0573,,
61 Vir d,0.0721,,
HD 205739 b,1.37,,330.2
HD 137388 b,0.223,,219.9
HD 102195 b,0.45,,963.1
NN Ser (AB) c,6.96,,
NN Ser (AB) d,1.74,,
6 Lyn b,2.21,,
HD 217786 b,13,,
Kepler-539 c,,,
HD 23079 b,2.5,,223.8
WASP-94 B b,0.618,,
HD 41004 A b,2.54,,174.8
HD 62509 b,2.9,,482.6
WASP-41 c,3.18,,
HD 20794 b,0.0084933,,661
HD 20794 c,0.00754968,,508.9
HD 20794 d,0.015099,,388.2
HD 162020 b,14.4,,656.4
HD 31253 b,0.5,,
HD 43197 b,0.6,,239.6
HD 171028 b,1.98,,296.2
HD 1605 b,0.96,,
HD 1605 c,3.48,,
HD 40307 b,0.01258,,804.5
HD 40307 c,0.020761624,,617.1
HD 40307 d,0.029884156,,479.9
HD 40307 e,0.0110099,,401.2
HD 40307 f,0.01635764,,351.1
HD 40307 g,0.02233447,,224
HD 45184 b,0.04,,1045.8
CFBDSIR2149,5.5,,
HD 11506 b,4.21,,200.7
HD 11506 c,0.36,,388
OGLE-2012-BLG-0358L b,1.85,,
HD 221287 b,3.09,,259
tau Boo A b,6.13,,2000
HIP 13044 b,1.25,,2011
HD 45652 b,0.47,,472.4
OGLE235-MOA53 b,2.6,,
HD 107148 b,0.21,,537.4
HD 22781 b,13.65,,167
HD 1502 b,3.1,,412.3
HD 175541 b,0.61,,428.3
OGLE-2013-BLG-0341L B b,0.005222,,
42 Dra b,3.88,,
HD 99109 b,0.502,,231.3
HD 136352 b,0.0166,,842.3
HD 136352 c,0.0358,,630.8
HD 136352 d,0.03,,397.3
HD 86226 b,0.92,,154
GJ 3138 b,0.0132,,
GJ 3138 c,0.0056,,
GJ 3138 d,0.033,,
HD 125595 b,0.042,,584.9
Kepler-424 c,6.97,,
Oph 11 B,21,,2478
HD 39392 b,13.2,,
HD 221585 b,1.61,,
Gliese 163 b,0.033344,,
Gliese 163 c,0.021391,,302
Gliese 163 d,0.092484,,
HD 188015 A b,1.26,,
HD 108341 b,3.5,,
OGLE-2013-BLG-1761L b,2.8,,
HD 88133 b,0.22,,1550.6
HD 102329 b,5.9,,376
alf Tau b,6.47,,
HIP 91258 b,1.068,,
HD 95127 b,5.01,,
HD 102365 b,0.05,,355.1
HD 216770 b,0.65,,338.2
HD 106515 A b,9.61,,
Wolf 1061 b,0.00428,,
Wolf 1061 c,0.0134,,
Wolf 1061 d,0.0164,,
HD 12648 b,2.9,,
HD 134060 b,0.0351,,1336
HD 134060 c,0.1507,,182.8
HD 196067 b,6.9,,177.2
HD 149143 b,1.36,,1389.4
HD 85390 b,0.132,,166.3
HD 5891 b,7.6,,731.8
HD 100655 b,1.7,,749.4
HIP 70849 b,9,,
HD 37124 b,0.675,,306.6
HD 37124 c,0.652,,171.1
HD 37124 d,0.696,,133.5
HIP 107773 b,1.98,,
HD 93385 b,0.0263,,851.8
HD 93385 c,0.0318,,560.1
HD 155233 b,2,,
KELT-6 c,3.71,,
XO-2S b,0.259,,
XO-2S c,1.37,,
XO-2N c,,,
HD 33844 b,1.92,,
HD 33844 c,1.68,,
HD 11977 b,6.5,,
Kepler-46 c,0.376,,455
HD 218566 b,0.21,,
HD 13908 b,0.865,,
HD 13908 c,5.13,,
SAND364 b,1.54,,
HD 72659 b,3.15,,139.5
HIP 67851 b,1.38,,
HIP 67851 c,5.98,,
HD 24064 b,9.4,,
GJ 27.1 b,0.0409,,
UScoCTIO 108 b,14,,2350
eps Eridani b,0.645,,
HD 102272 b,5.9,,877.6
HD 102272 c,2.6,,530.8
HD 81688 b,2.7,,
HD 5583 b,5.78,,
HD 98649 b,6.8,,
HD 10180 b,0.004089411,,1915.3
HD 10180 c,0.0408941,,1128.3
HD 10180 i,0.00597683,,950
HD 10180 d,0.03743383,,796.3
HD 10180 e,0.078642,,549.9
HD 10180 j,0.01604307,,497.2
HD 10180 f,0.0717219,,406.5
HD 10180 g,0.06920541,,239
HD 10180 h,0.206987,,154.9
HD 152581 b,1.5,,408.1
HD 20868 b,1.99,,
CoRoT-7 c,0.0264,,1018.8
HD 73267 b,3.06,,
HD 106906 b,11,,1800
HAT-P-13 c,14.5,,276.2
HIP 8541 b,5.59,,
MOA-2012-BLG-311 b,0.208,,
HD 118203 b,2.13,,1408.2
MOA-2009-BLG-319 b,0.157,,
HIP 97233 b,20,,
OGLE-2014-BLG-0676L,3.09,,
HD 92788 b,3.86,,245.9
Pr0211 b,1.88,,
Pr0211 c,7.95,,
HD 139357 b,9.76,,
HD 285507 b,0.917,,
mu Leo b,2.4,,
Gliese 179 b,0.82,,
HD 110014 b,10.7,,
HD 110014 c,3.1,,
alf Ari b,1.8,,
HIP 78530 b,24,,2700
HIP 11915 b,0.99,,
OGLE-05-071L b,3.5,,
HD 74156 b,1.778,,
HD 74156 c,7.997,,
HD 70573 b,6.1,,167.4
HD 179949 b,0.95,,1419.4
Kepler-419 c,7.3,,
HD 142022 A b,5.1,,112.3
HD 50554 b,5.16,,173.7
OGLE-2008-BLG-092L b,0.12347045,,
HD 33564 b,9.1,,273.5
HD 41248 b,0.03869211,,
HD 41248 c,0.02705302,,
HD 38529 A b,0.78,,
HD 38529 A c,17.7,,
HD 16175 b,4.4,,243.7
MOA-2011-BLG-293L b,4.8,,112.1
30 Ari B b,6.6,,
beta Cancri b,7.8,,
HD 104067 b,0.186,,363.2
HD 28185 b,5.7,,241.6
HD 108147 b,0.261,,907.7
HD 111232 b,6.8,,163.3
HD 38283 b,0.34,,309.9
BD+20 1790 b,6.37,,
HD 39091 b,10.3,,202.4
UZ For (AB) d,7.7,,127.9
HD 141399 b,0.46,,
HD 141399 c,1.36,,
HD 141399 d,1.22,,
HD 141399 e,0.69,,
HD 208527 b,9.9,,877.3
HD 11755 b,6.5,,
HD 192263 b,0.733,,484.5
HD 19994 A b,1.68,,
EPIC 201637175 b,,,
HAT-P-17 c,1.4,,127.5
HD 169830 b,2.94,,413.9
HD 169830 c,4.04,,196.1
BD-17 63 b,5.1,,
HD 42618 b,0.0453,,
HD 168443 b,7.659,,549
HD 168443 c,17.193,,179.3
Kepler-48 e,2.066725,,
Kappa And b,50,,2040
SR 12 C,13,,
HD 290327 b,2.54,,132.1
Psi-1 Draconis B b,1.53,,
HD 87883 b,1.78,,
HD 95872 b,4.6,,
HD 164604 b,2.7,,157.4
HD 103774 b,0.367,,1310.9
GJ 422 b,0.031,,
HD 133131 A b,1.43,,
HD 133131 A c,0.48,,
HD 133131 B b,2.5,,
HD 132406 b,5.61,,209
OGLE-2011-BLG-0265L b,1,,
HD 38858 b,0.0961,,237.2
HD 100546 c,,,
HD 3651 b,0.2,,405
HD 3651.02,0.09,,
OGLE-2011-BLG-0251 b,0.53,,
HD 4308 b,0.0405,,685.9
PSR J1719-1438 b,1.21,,
HD 81040 b,6.86,,164.2
HD 215497 b,0.02,,984.3
HD 215497 c,0.33,,185.8
HD 170469 b,0.67,,188.9
HD 32963 b,0.7,,
HD 159243 b,1.13,,
HD 159243 c,1.9,,
MOA-2011-BLG-322 b,7.8,,
nu Oph b,24,,
nu Oph c,27,,
HD 155358 b,0.85,,377.6
HD 155358 c,0.82,,299.1
47 UMa b,2.53,,
47 UMa c,0.54,,
47 UMa d,1.64,,
HD 6434 b,0.44,,
GJ 180 b,0.026,,
GJ 180 c,0.02,,
HD 103720 b,0.62,,
HD 150706 b,2.71,,
HD 220689 b,1.06,,149.6
7 CMa b,2.46,,
HD 131399 Ab,4,,850
HD 70642 b,2,,126.1
BD+20 274 b,4.2,,
HD 114386 b,1.24,,182.8
HD 114386 c,1.19,,
RR Cae (AB) b,4.2,,
HD 76700 b,0.197,,1315.4
HD 114783 b,1,,181.4
HD 73256 b,1.87,,1204.5
kappa CrB b,1.6,,
HD 191806 b,8.52,,
BD+48 738 b,0.91,,
HD 180902 b,1.6,,380.7
KIC 7917485 b,11.8,,
HD 83443 b,0.4,,1218.5
HD 121504 b,1.22,,502.8
1SWASP J1407 b,14,,
HD 156411 b,0.74,,278
PSR B1620-26 b,1.7,,
HD 190647 b,1.9,,209.5
Gliese 667 C b,0.017616,,
Gliese 667 C h,0.00346,,
Gliese 667 C c,0.011954,,
Gliese 667 C f,0.008493,,
Gliese 667 C e,0.008493,,
Gliese 667 C d,0.016043,,
Gliese 667 C g,0.01447,,
HIP 79431 b,2.1,,146.8
HD 50499 b,1.71,,155.1
HD 150433 b,0.168,,182.8
HD 128356 b,0.89,,
YBP401 b,0.46,,
Gliese 832 b,0.688908,,
Gliese 832 c,0.015729,,
HD 20782 b,1.43,,
HD 20781 b,0.037882,,
HD 20781 c,0.049649,,
HD 109749 A b,0.28,,1161.9
MOA-2008-BLG-310-L b,0.23,,152.7
HD 103197 b,0.098,,409.7
GJ 229 b,0.101,,
Proxima Centauri b,0.004089,,234
Alpha Centauri B b,0.00356,,
Lalande 21185 b,0.012,,
HD 233604 b,6.575,,
HAT-P-46 c,2,,
16 Cygni B b,1.77,,
HD 82886 b,1.3,,382.7
8 Ursae Minoris b,1.5,,
DH Tau B,12,,2750
HD 141937 b,9.7,,215.8
HD 45350 b,1.79,,197
HD 168746 b,0.23,,1026.4
HD 120084 b,4.5,,
HD 220074 b,11.1,,965.5
11 UMi b,11.2,,
HD 240237 b,5.3,,
70 Vir b,7.4,,479.1
HD 31527 b,0.0363,,770.9
HD 31527 c,0.0498,,528.8
HD 31527 d,0.0519,,299.2
HD 163296 b,0.3,,
HD 163296 c,0.3,,
HD 23127 b,1.5,,205.3
HD 21693 b,0.0322,,581.9
HD 21693 c,0.06472,,436.2
OGLE-2012-BLG-0026L b,0.145,,
OGLE-2012-BLG-0026L c,0.86,,
KIC 9413313 b,,,
GSC 06214-00210 b,17,,1700
OGLE-BLG-1195L b,0.016,,
HD 99706 b,1.4,,342.5
HD 86950,3.6,,
Kepler-37 e,,,
HD 48265 b,1.16,,291.4
Kepler-97 c,,,
BD+15 2940 b,1.11,,
Kepler-56 d,3.3,,
YBP1514 b,0.4,,
BD+14 4559 b,1.47,,
HD 181433 b,0.0238,,660.5
HD 181433 c,0.64,,141.6
HD 181433 d,0.54,,107.3
WASP-81 c,56.6,,
HD 164922 b,0.36,,155
HD 171238 b,2.6,,152.4
HD 215456 b,0.101,,407.7
HD 215456 c,0.246,,178.5
HD 13931 b,1.88,,
HD 104985 b,8.3,,
HD 49674 b,0.115,,969.8
MOA-2009-BLG-266L b,0.0327,,
HD 86264 b,7,,214.2
HD 206610 b,2.2,,408.1
HD 163607 b,0.77,,499.8
HD 163607 c,2.29,,200.4
HD 142 A b,1.25,,249.8
HD 142 A c,5.3,,
HD 75898 b,2.51,,307.6
MOA-2007-BLG-192-L b,0.01,,
55 Cnc b,0.8306,,
55 Cnc c,0.1714,,
55 Cnc d,3.878,,
55 Cnc f,0.141,,
OGLE-2003-BLG-235L b,2.6,,
omi UMa b,4.1,,
OGLE-2013-BLG-0102LB,13,,
NGC 2423 3 b,10.6,,417.4
Kepler-407 c,12.582803,,
Kepler-93 c,,,
OGLE-2015-BLG-0563L b,0.39,,
OGLE-2015-BLG-0051L b,0.72,,
HU Aqr (AB) b,4.758,,
HU Aqr (AB) c,20.2,,
HU Aqr (AB) d,80,,
HD 77338 b,0.0487583,,896.4
HD 126614 A b,0.38,,
14 Her b,4.975,,
14 Her c,7.679,,
tau Gem b,20.6,,
Pr0201 b,0.54,,
24 Sex b,1.99,,
24 Sex c,0.86,,
HD 5319 b,1.76,,303.8
HD 5319 c,1.15,,
HD 93083 b,0.37,,292.3
HD 7924 b,0.029,,825.9
HD 7924 c,0.0247,,583.6
HD 7924 d,0.0203,,499
91 Aquarii A b,3.2,,
HD 82943 b,1.75,,250.5
HD 82943 c,2.01,,314.7
HD 143361 b,3.12,,161
HIP 12961 b,0.35,,393
HD 130322 b,1.02,,721.7
HD 212771 b,2.3,,456.8
HD 4208 b,0.8,,173.7
HD 79498 b,1.34,,149.6
HD 90156 b,0.057,,621.4
HD 20003 b,0.0378,,751.7
HD 20003 c,0.0422,,534.5
HD 131496 b,2.2,,321.8
HD 100777 b,1.16,,259.7
HD 154345 b,1,,106.4
HD 96127 b,4,,
HD 75784 b,1.15,,
OGLE-2013-BLG-0723LB b,0.0022,,
51 Peg b,0.46,,1260.3
Upsilon Andromedae A b,1.78,,1440.1
Upsilon Andromedae A c,10.78,,375.6
Upsilon Andromedae A d,8.86,,218
Upsilon Andromedae A e,1.059,,150.6
HD 187085 b,0.75,,215.5
HD 231701 b,1.08,,436.6
HD 96063 b,0.9,,481.5
Gliese 328 b,2.3,,
YBP1194 b,0.34,,
HD 147873 b,5.14,,
HD 147873 c,2.3,,
MOA-2011-BLG-262Lb,0.057,,
HD 60532 b,3.15,,497.4
HD 60532 c,7.46,,348.9
ROXs 12 b,16,,
HD 89744 A b,7.2,,
BD+20 2457 b,21.42,,
BD+20 2457 c,12.47,,
MOA-2009-BLG-387L b,2.6,,
OGLE-06-109L b,0.727,,
OGLE-06-109L c,0.271,,
MOA-2011-BLG-028L b,0.094,,
Gliese 687 b,0.058,,
HD 9578 b,0.62,,
HD 44219 b,0.58,,260.2
OGLE-2012-BLG-0406L b,3.9,,
14 And b,4.8,,
GU Psc b,11,,1050
MOA-2010-BLG-073L b,11,,
HD 216437 b,1.82,,170.2
HD 192699 b,2.4,,
HD 222155 b,1.9,,145.2
HD 190984 b,3.1,,136.2
MOA-2013-BLG-605L b,0.066,,
HD 212301 b,0.45,,1541.3
GJ 273 b,0.00909,,
GJ 273 c,0.00371,,
HD 177830 A b,1.49,,
HD 177830 A c,0.15,,
2M 044144 b,9.8,,1800
Gliese 581 b,0.049702,,419.2
Gliese 581 c,0.017301,,312.7
Gliese 581 d,0.019,,181
Gliese 581 e,0.0061,,500.8
Gliese 581 f,0.0220199,,
Gliese 581 g,0.0097516,,230.9
MOA-2010-BLG-328L b,0.02894,,
HD 16141 A b,0.215,,410.3
HD 8574 b,2.11,,355.7
Gliese 317 b,1.8,,
Gliese 317 c,2,,
HD 222582 A b,7.75,,
HD 30177 b,7.7,,153.5
HD 63765 b,0.64,,222.6
HD 73526 b,2.35,,369.5
HD 73526 c,2.19,,293.3
HD 2638 b,0.48,,978.2
Gliese 504 b,4,,510
HD 134606 b,0.0292,,817
HD 134606 c,0.0382,,478.2
HD 134606 d,0.121,,239.9
Gliese 176 b,0.0264,,
V391 Peg b,3.2,,475.2
HD 7199 b,0.29,,199.1
mu Arae b,1.676,,228.7
mu Arae c,0.03321,,928.2
mu Arae d,0.5219,,292.1
mu Arae e,1.814,,122.5
OGLE-2015-BLG-0966L b,0.066,,
eps Tau b,7.6,,
WASP-47 c,1.24,,
Kepler-19 c,,,
HD 224693 b,0.71,,718.9
KIC 10001893 b,,,
KIC 10001893 c,,,
KIC 10001893 d,,,
HD 117207 b,2.06,,128.4
HD 109246 b,0.77,,452.6
HD 156846 b,263,,
HD 28254 b,1.16,,196.8
WISE 0855-0714,6,,
HD 157172 b,0.12,,347.9
HD 181342 b,3.3,,354.7
HD 47186 b,0.07167,,1123.6
HD 47186 c,0.35061,,161.7
HD 164509 b,0.48,,286.2
HD 27442 A b,1.35,,
HD 38801 b,10.7,,280.9
HD 114613 b,0.48,,
HD 185269 b,0.94,,
HIP 14810 b,3.88,,918.2
HIP 14810 c,1.28,,327
HIP 14810 d,0.57,,175.6
Gliese 649 b,0.328,,102.2
GJ 649.02,0.03,,
KOI-142 c,0.76,,
HD 8535 b,0.68,,188.3
HD 17092 b,4.6,,513.6
HD 154088 b,0.0193,,643.6
HD 86081 b,1.5,,1486.6
Gliese 3021 A b,3.37,,
Gliese 676 A d,0.014,,
Gliese 676 A e,0.036,,
Gliese 676 A b,4.95,,
Gliese 676 A c,3,,
HD 2039 b,4.9,,188.3
HD 59686 b,5.25,,728.2
HIP 57050 b,0.298,,218.6
Fomalhaut b,,,
HD 30562 b,1.373,,208.7
HD 132563 B b,1.49,,158.5
HD 34445 b,0.79,,
Omega Serpentis b,1.7,,
HIP 57274 b,0.036,,636.3
HIP 57274 c,0.41,,399.8
HIP 57274 d,0.527,,167.1
HD 142415 b,1.62,,250.5
HD 564 b,0.33,,
GJ 3323 b,0.00636,,
GJ 3323 c,0.00727,,
Gliese 777 A b,1.495,,
Gliese 777 A c,0.064,,
HD 95089 b,1.2,,396.7
HD 148156 b,0.85,,191.9
HD 219828 b,0.066,,1485.2
HD 7449 b,1.09,,
HD 7449 c,2,,
HD 175370 b,4.6,,
HD 39194 b,0.0117,,881.3
HD 39194 c,0.0187,,651.2
HD 39194 d,0.0162,,484.1
HD 196885 A b,2.98,,228.4
HD 204313 b,3.55,,153.8
HD 204313 c,0.054,,585.7
HD 204313 d,1.68,,135.1
HD 159868 b,2.1,,224.9
HD 159868 c,0.73,,336.8
HD 1690 b,6.1,,674.4
HD 32518 b,3.04,,
HAT-P-44 c,1.6,,
HD 200964 b,1.85,,
HD 200964 c,0.895,,
WD 0806-661 B,8,,340
HD 197037 b,0.79,,
TYC 1422-614-1 b,2.5,,
TYC 1422-614-1 c,10,,
HD 24040 b,4.1,,
OGLE-2007-BLG-368L b,0.0694,,
Gliese 3341 b,0.02,,
HD 10697 b,6.38,,221.8
OGLE-05-169L b,0.0444,,
HD 10647 b,0.94,,195.9
MOA-bin-1 b,3.7,,
HD 213240 A b,4.5,,
HD 106252 b,7.56,,158.8
HD 106270 b,11,,187.6
HD 37605 b,2.813,,413.9
HD 37605 c,3.379,,116.7
HD 196050 A b,2.83,,186.7
HD 145934 b,2.28,,
HD 40979 A b,3.28,,
HD 134987 b,1.59,,313.3
HD 134987 c,0.82,,117.4
HD 220773 b,1.45,,145.8
HD 145457 b,2.9,,756.4
BD-11 4672 b,0.53,,
HD 126525 b,0.224,,185
HD 158038 b,1.8,,381.6
PSR 1257+12 A,6.29E-05,,
PSR 1257+12 B,0.0135,,
PSR 1257+12 C,0.0123,,
75 Cet b,3,,
HD 189567 b,0.0316,,769.4
Kepler-68 d,0.947,,
HD 216536 b,1.47,,
HD 4313 b,2.3,,450.4
HD 18742 b,2.7,,354.4
HD 8673 b,14.2,,194.3
Gliese 849 b,0.911,,
Gliese 849 c,0.944,,
tau Ceti b,0.006291401,,
tau Ceti c,0.009751672,,
tau Ceti d,0.011324522,,
tau Ceti e,0.013526513,,
tau Ceti f,0.020761624,,
HD 96700 b,0.0284,,1001.4
HD 96700 c,0.04,,425.4
Gamma Cephei b,1.85,,
HD 152079 b,3,,149.6
HD 47536 b,4,,
HD 47536 c,7,,
HD 20367 b,1.07,,261.6
HD 52265 b,1.05,,426
HD 167042 b,1.7,,
HD 116029 b,2.1,,355
eps Coronae Borealis b,6.7,,
HD 108863 b,2.6,,436.8
HD 224538 b,5.97,,
MOA-2013-BLG-220L b,0.188780165,,
V830 Tau b,1.4,,
HD 156668 b,0.0131,,811.5
HD 95086 b,5,,1000
OGLE-2012-BLG-0724L b,0.47,,
HD 207832 b,0.56,,316.5
HD 207832 c,0.73,,164.4
Gliese 674 b,0.037,,519.6
HD 51608 b,0.0413,,701.2
HD 51608 c,0.0565,,367.1
81 Cet b,5.3,,
4 UMa b,7.1,,877.3
HD 30856 b,1.8,,317.2
HD 195019 A b,3.7,,
xi Aql b,2.8,,
HD 208487 b,0.413,,391.5
HD 28678 b,1.7,,499.6
HD 148427 b,0.96,,413.8
HD 85512 b,0.011,,297.4
NSVS 14256825 c,2.8,,
NSVS 14256825 d,8,,
Gliese 785 b,0.05316,,331.7
Gliese 785 c,0.0754,,171.8
HD 219415 b,1,,
OGLE-2008-BLG-355L b,4.6,,
2M1207 b,5,,1230
GJ 536,0.0169,,
HD 222076,1.56,,
FL Lyr b,,,
eta Cet b,2.46,,
eta Cet c,3.16,,
HD 108874 b,1.36,,256.8
HD 108874 c,1.018,,160.2
